categoryid,parentid,categoryname,categoryorder,categoryvisible,alternateurl,lastmodified,category_displaymode,subcategory_displaymode1,subcategory_displaymode2,display_columns,display_rows,display_showlistprice,display_showsaleprice,display_showyousave,display_showdescriptionshort,display_showdescription,display_showstockstatus,display_showavailability,display_featuredproductsonly,subcategory_displaymode2_columns,rootid,metatag_title,metatag_description,default_sortby,link_title_tag,lastmodby,category_graphic_placement,subcategory_displaycolumns,filtercategory,auto_maintained_optioncatid,auto_maintained_optionid,private_section_customers_only,categorydescriptionshort,categorydescription,metatag_keywords,categorydescription_belowproducts,custom_where_clause,custom_metatags_override,alternateurl_opennewwindow,hidden,display_showpoints,vcompareoptout,breadcrumb,subcategory_displaymode1_responsive,subcategory_displaycolumns_responsive,category_displaymode_responsive,display_columns_responsive,subcategory_displaymode2_responsive,vendorcategory,hero,thumbnail,createdutc,modifiedutc
110,10,Tools,,,,9/29/2020 10:13:00 PM,,,,,,,,,N,N,,,,,10,,,,,14538,,,N,,,N,,,,,,,N,N,,N,Mold Making,,3,7,4,,,,,,
1,0,Acrylics,123,1,,9/29/2020 10:13:00 PM,,,,,,,,,N,N,,,,,1,Acrylics,"Acrylics, Acrílicos, monomer, polymer",,Acrylics,14538,,3,N,,,N,,,"Acrylics, Acrílicos, monomer, polymer",,,,N,N,,N,,0,3,7,4,,,,,,
3,73,Sculpting Medium,1,,,9/29/2020 10:13:00 PM,,,,,,,,,N,N,,,,,73,Artificial Hair,Artificial Hair,,Artificial Hair,14538,,3,N,,,N,,,"Artificial Hair, cabello artificial",,,,N,N,,N,Lab Supplies  / Tools,0,3,7,4,,,,,,
4,0,Learning Resources,100,2,,9/29/2020 10:13:00 PM,,,,,,,,,N,N,,,,,4,,,,,14538,,3,N,,,N,,"<div style=""text-align: center;""><br /></div>
<a href=""http://www.iceasp.com/"" target=""_blank""><inline><inline><inline style=""color: rgb(84, 141, 212); font-size: 18px;""></inline></inline></inline></a>",,"<div style=""text-align: center;""><br /></div>
<a href=""http://www.iceasp.com/"" target=""_blank"" style=""text-align: center;""><inline><inline><inline style=""color: rgb(84, 141, 212); font-size: 30px;""></inline></inline></inline></a>
<div style=""text-align: center;"">
</div>",,,N,N,,N,,0,3,7,4,,,,,,
6,0,Coloration Materials,110,1,,9/29/2020 10:13:00 PM,,,,,,,,,N,N,,,,,6,Coloration Materials,silicone Coloration Materials,,,14538,,3,N,,,N,,,,,,silicone Coloration Materials,N,N,,N,,0,3,7,4,,,,,,
7,73,Disposables,3,1,,9/29/2020 10:13:00 PM,,,,,,,,,N,N,,,,,73,,,,,14538,,3,,,,,,,,,,,,,,,Lab Supplies  / Tools,0,3,7,4,,,,,,
8,0,Equipment,478,1,,9/29/2020 10:13:00 PM,,,,,,,,,N,N,,,,,8,Equipment,Equipment,,,14538,,3,N,,,N,,,"Equipment, lab equipment, sculpting,mold making",,,,N,N,,N,,0,3,7,4,,,,,,
9,0,Magnetic Components,476,1,,8/14/2023 1:19:00 PM,,,,,,,,,N,N,,,,,9,,,,,13244,TOP,3,N,,,N,,"Need help? Check out <a href=""http://www.factor2.com/v/vspfiles/sds tds 2023/tds 2023/NEW CATALOGUE.pdf"" target=""_blank"">Technovent's Catalogue</a> and <a href=""http://www.factor2.com/v/vspfiles/sds tds 2023/tds 2023/NEW CATALOGUE.pdf"" target=""_blank"">Southern Implants Catalog </a>",,,,,N,N,,N,,1,3,7,4,,,,,,
10,0,Mold Making,113,1,,9/29/2020 10:13:00 PM,,,,,,,,,N,N,,,,,10,,,,,14538,,3,,,,,,,,,,,,,,,,0,3,7,4,,,,,,
11,0,Mold Releases,115,1,,9/29/2020 10:13:00 PM,,,,,,,,,N,N,,,,,11,,,,,14538,,3,,,,,,,,,,,,,,,,0,3,7,4,,,,,,
13,0,Primers,119,1,,9/29/2020 10:13:00 PM,,,,,,,,,N,N,,,,,13,,,,,14538,,3,,,,,,,,,,,,,,,,0,3,7,4,,,,,,
14,0,Silicones,0,1,,1/27/2025 10:18:00 AM,,,,,,,,,N,N,N,,,,14,Silicones,"Silicone, medical grade and platinum silicone for all uses. LSR, RTV, VST, silicone elastomer, silicone adhesives and additives.",,Silicone,9210,,2,N,,,N,,"<div style=""text-align: center;""><span style=""color: rgb(192, 80, 77);""><b><br /></b></span><a href=""http://www.factor2.com/v/vspfiles/downloadables/AFFIDAVIT 2023.pdf"" target=""_blank"">Download Affidavit Here</a></div>","Silicone, medical grade and platinum silicone for all uses. LSR, RTV, VST, silicone elastomer, silicone adhesives.","<body>
<!-- Google Code for silicones Conversion Page -->
<script type=""text/javascript"">
/* <![CDATA[ */
var google_conversion_id = 1072430818;
var google_conversion_language = ""en"";
var google_conversion_format = ""3"";
var google_conversion_color = ""ffffff"";
var google_conversion_label = ""9q_4CLzyhHQQ4v2v_wM"";
var google_conversion_value = 1.00;
var google_conversion_currency = ""USD"";
var google_remarketing_only = false;
/* ]]> */
</script>
<script type=""text/javascript"" src=""//www.googleadservices.com/pagead/conversion.js"">
</script>
<noscript>
<div style=""display:inline;"">
<img height=""1"" width=""1"" style=""border-style:none;"" alt="""" src=""//www.googleadservices.com/pagead/conversion/1072430818/?value=1.00&amp;currency_code=USD&amp;label=9q_4CLzyhHQQ4v2v_wM&amp;guid=ON&amp;script=0""/>
</div>
</noscript>
</body>",,,N,N,,N,,0,3,7,4,,,,,,
15,0,Adhesive Products,1,1,,1/30/2023 4:05:00 PM,,,,,,,,,N,N,,,,,15,Adhesive Products,"Adhesives for Prosthetics, health care devices, and medical devices. We carry both water based adhesive and water resistant silicone based adhesives.",,Adhesive_Products,13244,,3,N,,,N,,"<div style=""text-align: center;""><span style=""font-size: 11.3333px; color: rgb(255, 0, 0);""><span style=""font-size: 14pt;"">October through April</span></span></div><div style=""text-align: center;""><span style=""font-size: 11.3333px; color: rgb(255, 0, 0);""><span style=""font-size: 14pt;"">To guarantee shipment of our water based adhesives during the winter months,<br />Daro and Pros Aide must ship via 2nd day air.</span></span></div><div style=""text-align: center;""><a href=""http://www.factor2.com/v/vspfiles/sds%20tds%202023/tds%202023/Adhesive%20Guide%202023.pdf"" target=""_blank""><img src=""/v/vspfiles/assets/images/ADHESIVE PIC.png"" style=""width: 60px;"" />ADHESIVE GUIDE</a></div>",,,,,N,N,,N,,1,3,7,4,,,,,,
16,0,Solvents,2,1,,9/29/2020 10:13:00 PM,,,,,,,,,N,N,,,,,16,,,,,14538,,3,N,,,N,,,,,,,N,N,,N,,0,3,7,4,,,,,,
17,3,Waxes,7,,,9/29/2020 10:13:00 PM,,,,,,,,,N,N,,,,,73,waxes,"waxes, sculpting wax, mold making wax,skin tone wax",,,14538,,3,N,,,N,,,"waxes, sculpting wax, mold making wax,skin tone wax",,,,N,N,,N,Lab Supplies  / Tools > Sculpting Medium,0,3,7,4,,,,,,
19,0,Your Other Links 3,107,2,http://www.yahoo.com,9/29/2020 10:13:00 PM,,,,,,,,,N,N,,,,,19,,,,,14538,,3,N,,,Y,,,,,,,N,N,,N,,0,3,7,4,,,,,,
20,0,Brand,100,M,,9/29/2020 10:13:00 PM,,,,,,,,,N,N,,,,,20,,,,,14538,,,Y,,,,,,,,,,,,,,,0,3,7,4,,,,,,
21,0,Price,100,P,,9/29/2020 10:13:00 PM,,,,,,,,,N,N,,,,,21,,,,,14538,,,Y,,,,,,,,,,,,,,,0,3,7,4,,,,,,
24,0,"Contact Factor II, Inc.",301,3,/AboutUs.asp,9/29/2020 10:13:00 PM,,,,,,,,,N,N,,,,,24,,,,,14538,,3,N,,,N,,,,,,,N,N,,,,0,3,7,4,,,,,,
25,0,Product Index,102,2,/pindex.asp,9/29/2020 10:13:00 PM,,,,,,,,,N,N,,,,,25,,,,,14538,,3,N,,,N,,"Download our <a href=""https://www.factor2.com/v/vspfiles/msds_2015/2014-15%20catalog%20(1).PDF"" target=""_blank"">2014-15 Catalog</a> here.",,,,,N,N,,N,,0,3,7,4,,,,,,
27,15,Medical & Prosthetic Adhesives,2,,,1/30/2023 4:05:00 PM,,,,,,,,,N,N,,,,,15,,,,,13244,,3,N,,,N,,"<div style=""text-align: center;""><span style=""font-size: 11.3333px; color: rgb(255, 0, 0);""><span style=""font-size: 14pt;"">October through April</span></span></div><div style=""text-align: center;""><span style=""font-size: 11.3333px; color: rgb(255, 0, 0);""><span style=""font-size: 14pt;"">To guarantee shipment of our water based adhesives during the winter months,<br />Daro and Pros Aide must ship via 2nd day air.</span></span></div><div style=""text-align: center;""><a href=""http://www.factor2.com/v/vspfiles/sds tds 2023/tds 2023/Adhesive Guide 2023.pdf"" target=""_blank""><img src=""/v/vspfiles/assets/images/ADHESIVE PIC.png"" style=""width: 66px;"" />ADHESIVE GUIDE</a></div>",,,,,N,N,,N,Adhesive Products,1,3,7,4,,,,,,
28,15,Adhesive Removal,4,,,1/30/2023 4:13:00 PM,,,,,,,,,N,N,,,,,15,,,,,13244,,3,N,,,N,,"<div style=""text-align: center;""><a href=""http://www.factor2.com/v/vspfiles/sds%20tds%202023/tds%202023/Adhesive%20Guide%202023.pdf"" target=""_blank"" style=""text-align: left;""></a>Products to remove adhesive from prosthesis.<span style=""font-size: 11.3333px; color: rgb(255, 0, 0);""><span style=""font-size: 14pt;""><br />October through April</span></span></div><div style=""text-align: center;""><span style=""font-size: 11.3333px; color: rgb(255, 0, 0);""><span style=""font-size: 14pt;"">To guarantee shipment of our water based adhesives during the winter months,<br />Daro and Pros Aide must ship via 2nd day air.<br /><br /><img src=""/v/vspfiles/assets/images/ADHESIVE PIC.png"" style=""width: 71px;"" /></span></span><a href=""http://www.factor2.com/v/vspfiles/sds tds 2023/tds 2023/Adhesive Guide 2023.pdf"" target=""_blank"" style=""text-align: left;"">ADHESIVE GUIDE<br /><br /></a></div>",,,,,N,N,,N,Adhesive Products,0,3,7,4,,,,,,
29,1629,Extrinsic Coloration,1,,,9/29/2020 10:13:00 PM,,,,,,,,,N,N,,,,,6,Extrinsic Coloration,Extrinsic Coloration,,,14538,,3,N,,,N,,"<inline><inline><hr style=""font-size: 18px;"" /><inline><inline><inline style=""font-size: 16px;"">Extrinsic pigment systems are applied or painted on the surface of a cured silicone piece and then sealed.</inline></inline></inline></inline></inline><hr />",Extrinsic Coloration,,,,N,N,,N,Coloration Materials > Silicone Coloration,0,3,7,4,,,,,,
30,1629,Intrinsic Coloration,2,,,9/29/2020 10:13:00 PM,,,,,,,,,N,N,,,,,6,Intrinsic Coloration,Intrinsic Coloration,,,14538,,3,N,,,N,,"<hr /><inline><inline style=""font-size: 16px;"">Intrinsic pigment systems are added to the silicone when you mix A&B together infusing the silicone with the pigment.</inline></inline><hr />",Intrinsic Coloration,,,,N,N,,N,Coloration Materials > Silicone Coloration,0,3,7,4,,,,,,
31,4,Books,100,,,9/29/2020 10:13:00 PM,,,,,,,,,N,N,,,,,4,,,,,14538,,3,N,,,N,,"<div style=""text-align: center;""><br /></div><a href=""http://www.iceasp.com/"" target=""_blank"" style=""text-align: center;""><inline><inline><inline style=""color: rgb(84, 141, 212); font-size: 30px;""></inline></inline></inline></a>",,"<div style=""text-align: center;""><br /></div><a href=""http://www.iceasp.com/"" target=""_blank"" style=""text-align: center;""><inline><inline><inline style=""color: rgb(84, 141, 212); font-size: 30px;""></inline></inline></inline></a>",,,N,N,,N,Learning Resources,0,3,7,4,,,,,,
32,4,Videos,100,,,9/29/2020 10:13:00 PM,,,,,,,,,N,N,,,,,4,,,,,14538,,3,N,,,N,,"<div style=""text-align: center;""><br /></div><a href=""http://www.iceasp.com/"" target=""_blank"" style=""text-align: center;""><inline><inline><inline style=""color: rgb(84, 141, 212); font-size: 30px;""></inline></inline></inline></a>",,"<div style=""text-align: center;""><br /></div><a href=""http://www.iceasp.com/"" target=""_blank"" style=""text-align: center;""><inline><inline><inline style=""color: rgb(84, 141, 212); font-size: 30px;""></inline></inline></inline></a>",,,N,N,,N,Learning Resources,0,3,7,4,,,,,,
33,14,Silicone Additives,900,,,1/27/2025 10:30:00 AM,,,,,,,,,N,N,,,,,14,Silicone Additives,Silicone Additives,,Silicone Additives,9210,,3,N,,,N,,"<div style=""text-align: center;""><span style=""text-align: center; color: rgb(192, 80, 77);""><b><br /></b></span><a href=""http://www.factor2.com/v/vspfiles/sds%20tds%202023/tds%202023/ZNew%20Affidavit%202023.pdf"" style=""text-align: center;"">Download Affidavit Here</a></div>","Silicone Additves, Bluestar silicone, silicone elastomer, RTV silicone, LSR silicone, VST Silicone, Platinum cured, Translucent, low viscosity, high clarity, high strength, Non reactive polydimethyl silicone fluid, silicone adhesives, two part medical silicone, Platinum silicone foam, silicone cartridges, silicone gum rubber, silicone dispersions, Acetoxy silicone, matting dispersion, medical silicone adhesives, TinSil silicones, tin cure, thixo, thixotropic, Cab-O-sil",,,,N,N,,N,Silicones,0,3,7,4,,,,,,
34,0,Impression  Materials,118,1,,9/29/2020 10:13:00 PM,,,,,,,,,N,N,,,,,34,Impression  Materials,Impression  Materials,,,14538,,3,N,,,N,,,"Impression  Materials, clay, wax, silicone",,,,N,N,,N,,0,3,7,4,,,,,,
37,14,Platinum VST Silicones,525,,,1/27/2025 10:23:00 AM,,,,,,,,,N,N,,,,,14,Platinum VST Silicones,Platinum VST Silicones,,Platinum VST Silicones,9210,,3,N,,,N,,"<div style=""text-align: center;""><span style=""text-align: center; color: rgb(192, 80, 77);""><b><br /></b></span><a href=""http://www.factor2.com/v/vspfiles/sds%20tds%202023/tds%202023/ZNew%20Affidavit%202023.pdf"" style=""text-align: center;"">Download Affidavit Here</a></div>","Platinum VST Silicones, Bluestar silicone, silicone elastomer, RTV silicone, LSR silicone, VST Silicone, Platinum cured, Translucent, low viscosity, high clarity, high strength, Non reactive polydimethyl silicone fluid, silicone adhesives, two part medical silicone, Platinum silicone foam, silicone cartridges, silicone gum rubber, silicone dispersions, Acetoxy silicone, matting dispersion, medical silicone adhesives, TinSil silicones, tin cure, thixo, thixotropic, Cab-O-sil",,,,N,N,,N,Silicones,0,3,7,4,,,,,,
38,14,Elkem Brand Silicones,350,,,1/27/2025 10:20:00 AM,,,,,,,,,N,N,,,,,14,Elkem Silicone,Elkem Silicone,,Elkem Silicones,9210,,3,N,,,N,,"<div style=""text-align: center;""><span style=""color: rgb(192, 80, 77);""><b><br /></b></span><a href=""http://www.factor2.com/v/vspfiles/sds tds 2023/tds 2023/ZNew Affidavit 2023.pdf "" target=""_blank"">Download Affidavit Here</a></div>","Bluestar Silicone, Bluestar silicone, silicone elastomer, RTV silicone, LSR silicone, VST Silicone, Platinum cured, Translucent, low viscosity, high clarity, high strength, Non reactive polydimethyl silicone fluid, silicone adhesives, two part medical silicone, Platinum silicone foam, silicone cartridges, silicone gum rubber, silicone dispersions, Acetoxy silicone, matting dispersion, medical silicone adhesives, TinSil silicones, tin cure, thixo, thixotropic, Cab-O-sil, Elkem, Elkem silicones",,,,N,N,,N,Silicones,0,3,7,4,,,,,,
41,0,SDS  and  Tech Sheets,101,2,http://www.factor2.com/Articles.asp?ID=131,9/29/2020 10:13:00 PM,,,,,,,,,N,N,,,,,41,,,,,14538,,3,N,,,N,,,,,,,N,N,,N,,0,3,7,4,,,,,,
42,9,Technovent USA,2,,,9/29/2020 10:13:00 PM,,,,,,,,,N,N,,,,,9,,,,,14538,,,N,,,N,,"<div><img border=""0"" alt="""" src=""/v/vspfiles/assets/images/technoventusalogo.jpg"" /></div>
<div> </div>
<div><img style=""WIDTH: 584px; HEIGHT: 171px"" border=""0"" alt="""" src=""/v/vspfiles/assets/images/technoventpicturesheader.jpg"" width=""1117"" height=""334"" /></div>
<div> </div>
<div><a href=""http://www.technoventusa.com/"" target=""_blank""><inline style=""font-size: 20px;"">Technovent USA Home Page...</inline></a></div>
<div><span style=""FONT-FAMILY: Trebuchet MS"">
<hr />
</span></div>
<div><span style=""FONT-FAMILY: Trebuchet MS; FONT-SIZE: 14pt"">Manufacturers of:</span></div>
<div><span style=""FONT-FAMILY: Trebuchet MS; FONT-SIZE: 10pt""></span> </div>
<div><span style=""FONT-FAMILY: Trebuchet MS; FONT-SIZE: 14pt"">     •  MagnaCap® <span style=""FONT-FAMILY: Trebuchet MS; FONT-SIZE: 14pt"">implant retained magnetic attachment system</span></span></div>
<div><span style=""FONT-FAMILY: Trebuchet MS; FONT-SIZE: 14pt""><span style=""FONT-FAMILY: Trebuchet MS; FONT-SIZE: 14pt"">     •  <span class=""Heading-3-C"">Specialized silicone materials for maxillofacial prosthesis</span></span></span></div>
<div><span style=""FONT-FAMILY: Trebuchet MS; FONT-SIZE: 14pt""><span style=""FONT-FAMILY: Trebuchet MS; FONT-SIZE: 14pt""><span class=""Heading-3-C""><span class=""Heading-3-C"">     •  Prosthetic adhesives</span></span></span></span></div>
<div><span style=""FONT-FAMILY: Trebuchet MS; FONT-SIZE: 14pt""><span style=""FONT-FAMILY: Trebuchet MS; FONT-SIZE: 14pt""><span class=""Heading-3-C""><span style=""FONT-SIZE: 10pt"" class=""Heading-3-C""></span></span></span></span> </div>
<div><span style=""FONT-STYLE: italic; FONT-FAMILY: Trebuchet MS; COLOR: #000000; FONT-SIZE: 12pt""><span style=""FONT-FAMILY: Trebuchet MS; FONT-SIZE: 12pt""><span style=""FONT-SIZE: 12pt"" class=""Heading-3-C""><span style=""FONT-STYLE: italic; COLOR: #000000; FONT-SIZE: 12pt"" class=""Heading-3-C""><span style=""FONT-STYLE: italic; COLOR: #000000; FONT-SIZE: 12pt"" class=""Body-Text-2-C""><span style=""FONT-WEIGHT: bold"">Technovent USA </span>through <span style=""FONT-WEIGHT: bold"">Factor II, Inc. </span>provides specially formulated silicone materials, the MagnaCap® system of prosthesis magnets and implant abutments & caps to the US market.  </span><span style=""FONT-STYLE: italic; COLOR: #000000; FONT-SIZE: 12pt"" class=""Body-Text-2-C"">We work closely with clinical technicians to ensure our materials always meet the specific working processes of busy maxillofacial prosthetics units.  </span><span style=""FONT-STYLE: italic; COLOR: #000000; FONT-SIZE: 12pt"" class=""Body-Text-2-C"">Our products are manufactured to the highest quality standards and are 510K registered as medical devices under the appropriate FDA regulations.</span></span></span></span></span></div><hr />Need help? Check out our <a href=""http://www.factor2.com/v/vspfiles/Magnetic_guide/Magnet_order_guide.pdf"" target=""_blank"">Magnet Order Guide</a> and our <a href=""http://www.factor2.com/v/vspfiles/Magnetic_guide/vistafix_guide.pdf"" target=""_blank"">Vistafix Guide</a>",,,,,N,N,,N,Magnetic Components,0,3,7,4,,,,,,
46,42,Prosthetic Silicones,352,,,9/29/2020 10:13:00 PM,,,,,,,,,N,N,,,,,9,,,,,14538,,,N,,,N,,"<img border=""0"" alt="""" src=""/v/vspfiles/assets/images/technoventusalogo.jpg"" /><hr />Need help? Check out our <a href=""http://www.factor2.com/v/vspfiles/Magnetic_guide/Magnet_order_guide.pdf"" target=""_blank"">Magnet Order Guide</a> and our <a href=""http://www.factor2.com/v/vspfiles/Magnetic_guide/vistafix_guide.pdf"" target=""_blank"">Vistafix Guide</a>",,,,,N,N,,N,Magnetic Components > Technovent USA,0,3,7,4,,,,,,
47,42,S-Range System,402,,,9/29/2020 10:13:00 PM,,,,,,,,,N,N,,,,,9,,,,,14538,,,N,,,N,,"<div class=""Normal-P""><span style=""COLOR: #000000; FONT-SIZE: 18pt; FONT-WEIGHT: bold""><span style=""FONT-FAMILY: Trebuchet MS; COLOR: #000000; FONT-SIZE: 18pt; FONT-WEIGHT: bold"" class=""Normal-C6""><img border=""0"" alt="""" src=""/v/vspfiles/assets/images/technoventusalogo.jpg"" /></span></span></div>
<div class=""Normal-P""><span style=""COLOR: #000000; FONT-SIZE: 18pt; FONT-WEIGHT: bold""><span style=""FONT-FAMILY: Trebuchet MS; COLOR: #000000; FONT-SIZE: 18pt; FONT-WEIGHT: bold"" class=""Normal-C6"">S-Range System</span></span></div>
<div class=""Normal-P""><span style=""FONT-STYLE: italic; COLOR: #000000""><span style=""FONT-STYLE: italic; FONT-FAMILY: Trebuchet MS; COLOR: #000000"" class=""Normal-C6"">
<hr />
</span></span></div>
<div class=""Normal-P""><span style=""FONT-STYLE: italic; COLOR: #000000; FONT-SIZE: 12pt""><span style=""FONT-STYLE: italic; FONT-FAMILY: Trebuchet MS; COLOR: #000000; FONT-SIZE: 12pt"" class=""Normal-C6"">The technology and functional durability of Technovent products has been established over many years of research, </span><span style=""FONT-STYLE: italic; FONT-FAMILY: Trebuchet MS; COLOR: #000000; FONT-SIZE: 12pt"" class=""Normal-C6"">development and clinical use.  The system meets the material requirements for use with commercially pure titanium </span><span style=""FONT-STYLE: italic; FONT-FAMILY: Trebuchet MS; COLOR: #000000; FONT-SIZE: 12pt"" class=""Normal-C6"">implant systems and has enhanced surface wear-<wbr>resistance to provide practical functional life for dental applications.  </span><span style=""FONT-STYLE: italic; FONT-FAMILY: Trebuchet MS; COLOR: #000000; FONT-SIZE: 12pt""><span style=""FONT-STYLE: italic; COLOR: #000000; FONT-SIZE: 12pt"" class=""Normal-C6"">In intra-<wbr>oral, extra-<wbr>oral and craniofacial use, the magnets will outlast the normal aesthetic life of most craniofacial </span><span style=""FONT-STYLE: italic; COLOR: #000000; FONT-SIZE: 12pt"" class=""Normal-C6"">body prostheses and dentures.</span></span></span></div>
<div class=""Normal-P""><span style=""FONT-STYLE: italic; COLOR: #000000""><span style=""FONT-STYLE: italic; FONT-FAMILY: Trebuchet MS; COLOR: #000000""><span style=""FONT-STYLE: italic; COLOR: #000000; FONT-SIZE: 10pt"" class=""Normal-C6""></span></span></span> </div>
<div class=""Normal-P""><span style=""COLOR: #000000; FONT-SIZE: 14pt; FONT-WEIGHT: bold""><span style=""FONT-FAMILY: Trebuchet MS; COLOR: #000000; FONT-SIZE: 14pt; FONT-WEIGHT: bold""><span style=""COLOR: #000000; FONT-SIZE: 14pt; FONT-WEIGHT: bold"" class=""Normal-C6"">INTRODUCING:  The S-Range System</span></span></span></div>
<div class=""Normal-P""><span style=""FONT-STYLE: italic; COLOR: #000000""><span style=""FONT-STYLE: italic; FONT-FAMILY: Trebuchet MS; COLOR: #000000""><span style=""FONT-STYLE: italic; COLOR: #000000; FONT-SIZE: 10pt"" class=""Normal-C6""></span></span></span> </div>
<div class=""Normal-P""><span style=""FONT-STYLE: italic; COLOR: #000000; FONT-SIZE: 12pt""><span style=""FONT-STYLE: italic; FONT-FAMILY: Trebuchet MS; COLOR: #000000; FONT-SIZE: 12pt""><span style=""FONT-STYLE: italic; COLOR: #000000; FONT-SIZE: 12pt"" class=""Normal-C6"">The new S-Range system is the culmination of over 10 years of research and development.  The unique design of the prosthesis magnets when used in conjunction with the new S-Range Magnacaps/ Magnabutments gives approximately 80% increase in magnetic retention.  The system includes two new, low-profile, high strength magnets.</span></span></span></div>
<div class=""Normal-P""><span style=""FONT-STYLE: italic; COLOR: #000000""><span style=""FONT-STYLE: italic; FONT-FAMILY: Trebuchet MS; COLOR: #000000""><span style=""FONT-STYLE: italic; COLOR: #000000"" class=""Normal-C6""></span></span></span> </div>
<div class=""Normal-P""><span style=""FONT-STYLE: italic; COLOR: #000000; FONT-SIZE: 14pt; FONT-WEIGHT: bold""><span style=""FONT-STYLE: italic; FONT-FAMILY: Trebuchet MS; COLOR: #000000; FONT-SIZE: 14pt; FONT-WEIGHT: bold""><span style=""FONT-STYLE: italic; COLOR: #000000; FONT-SIZE: 14pt; FONT-WEIGHT: bold"" class=""Normal-C6""><span style=""FONT-STYLE: normal""><span style=""COLOR: #ff0000; FONT-WEIGHT: bold""><a href=""http://www.technoventusa.com/srangepromagnets.html"" target=""_blank"">CLICK HERE</a></span> </span><span style=""FONT-STYLE: normal; FONT-WEIGHT: bold"">to view the TechnoventUSA website for phone orders.</span></span></span></span></div><hr />Need help? Check out our <a href=""http://www.factor2.com/v/vspfiles/Magnetic_guide/Magnet_order_guide.pdf"" target=""_blank"">Magnet Order Guide</a> and our <a href=""http://www.factor2.com/v/vspfiles/Magnetic_guide/vistafix_guide.pdf"" target=""_blank"">Vistafix Guide</a>",,,,,N,N,,N,Magnetic Components > Technovent USA,0,3,7,4,,,,,,
48,42,Laboratory Accessories,300,,,9/29/2020 10:13:00 PM,,,,,,,,,N,N,,,,,9,,,,,14538,,,N,,,N,,"<img border=""0"" alt="""" src=""/v/vspfiles/assets/images/technoventusalogo.jpg"" /><hr />Need help? Check out our <a href=""http://www.factor2.com/v/vspfiles/Magnetic_guide/Magnet_order_guide.pdf"" target=""_blank"">Magnet Order Guide</a> and our <a href=""http://www.factor2.com/v/vspfiles/Magnetic_guide/vistafix_guide.pdf"" target=""_blank"">Vistafix Guide</a>",,,,,N,N,,N,Magnetic Components > Technovent USA,0,3,7,4,,,,,,
45,42,Impression Materials,250,,,9/29/2020 10:13:00 PM,,,,,,,,,N,N,,,,,9,,,,,14538,,,N,,,N,,"<img border=""0"" alt="""" src=""/v/vspfiles/assets/images/technoventusalogo.jpg"" /><hr />Need help? Check out our <a href=""http://www.factor2.com/v/vspfiles/Magnetic_guide/Magnet_order_guide.pdf"" target=""_blank"">Magnet Order Guide</a> and our <a href=""http://www.factor2.com/v/vspfiles/Magnetic_guide/vistafix_guide.pdf"" target=""_blank"">Vistafix Guide</a>",,,,,N,N,,N,Magnetic Components > Technovent USA,0,3,7,4,,,,,,
49,42,Implant Companies Information,225,,,9/29/2020 10:13:00 PM,,,,,,,,,N,N,,,,,9,,,,,14538,,,N,,,N,,"<div>
	<img border=""0"" alt="""" src=""/v/vspfiles/assets/images/technoventusalogo.jpg"" />
</div>
<div>
</div>
<div>
	<span style=""FONT-FAMILY: Trebuchet MS; FONT-SIZE: 14pt; FONT-WEIGHT: bold"">IMPLANT ATTACHMENTS</span>
</div>
<div>
	<hr />
</div>
<div>
	<span style=""FONT-STYLE: italic; FONT-FAMILY: Trebuchet MS; FONT-SIZE: 12pt"">Our range of implant attachment options includes abutments to fit directly into the implant and also caps to fit an already present abutment.  </span>
</div>
<div>
	<span style=""FONT-STYLE: italic; FONT-FAMILY: Trebuchet MS; FONT-SIZE: 12pt""></span>
</div>
<div>
	<span style=""FONT-STYLE: italic; FONT-FAMILY: Trebuchet MS; FONT-SIZE: 12pt"">Our caps and abutments are produced to fit the most popularly used implant systems though we can produce custom/special fittings for individual patient situations and other implants as requested.</span>
</div>
<div>
	<span style=""FONT-FAMILY: Trebuchet MS; FONT-SIZE: 12pt""></span>
</div>
<div>
	<span style=""font-family: 'Trebuchet MS';""><span style=""font-weight: bold; font-size: 14pt;"">ATTACHMENT SYSTEMS: </span><inline style=""font-size: 20px;""><b>Using the links below</b></inline></span>
</div>
<div>
	<span style=""font-family: 'Trebuchet MS';""><span style=""font-style: italic; color: rgb(255, 0, 0);""><inline><b><inline style=""font-size: 18px;"">(You will be redirected to our TechnoventUSA website for phone ordering)</inline></b></inline></span></span>
</div>
<div>
	<span style=""FONT-FAMILY: Trebuchet MS; FONT-SIZE: 12pt""></span>
</div>
<div><a href=""http://www.technoventusa.com/cochlear%20vistafix.html"" target=""_blank""><inline style=""color: rgb(36, 64, 97); font-size: 16px;"">Implant - COCHLEAR VISTAFIX</inline></a></div>
<div>
	<inline style=""color: rgb(36, 64, 97); font-size: 16px;""><span style=""font-family: 'Trebuchet MS';""></span>
</inline></div>
<div><a href=""http://www.technoventusa.com/branemark%20nobel%20biocare.html"" target=""_blank""><inline style=""color: rgb(36, 64, 97); font-size: 16px;"">Implant - BRANEMARK/ NOBEL BIOCARE</inline></a></div>
<div>
	<inline style=""color: rgb(36, 64, 97); font-size: 16px;""><inline style=""color: rgb(31, 73, 125);""><span style=""font-family: 'Trebuchet MS';""></span> </inline>
</inline></div>
<div><a href=""http://www.technoventusa.com/straumann.html"" target=""_blank""><inline style=""color: rgb(36, 64, 97); font-size: 16px;"">Implant - STRAUMANN</inline></a></div>
<div>
	<inline style=""color: rgb(36, 64, 97); font-size: 16px;""><inline style=""color: rgb(31, 73, 125);""><span style=""font-family: 'Trebuchet MS';""></span> </inline>
</inline></div>
<div><a href=""http://www.technoventusa.com/southernimp.html"" target=""_blank""><inline style=""color: rgb(36, 64, 97); font-size: 16px;"">Implant - Southern Implants</inline></a></div>
<div>
	<inline style=""color: rgb(36, 64, 97); font-size: 16px;""><inline style=""color: rgb(31, 73, 125);""><span style=""font-family: 'Trebuchet MS';""></span> </inline>
</inline></div>
<div><a href=""http://www.technoventusa.com/nonsimpatt.html"" target=""_blank""><inline><inline><inline style=""color: rgb(36, 64, 97); font-size: 16px;"">Implant - NOBEL BIOCARE/ IMC 3.3/ SCREW VENT/ FRIALIT-2/ STERI-OSS/ ENTIFIC</inline></inline></inline></a></div>
<div>
	<inline style=""color: rgb(36, 64, 97); font-size: 16px;""><inline style=""color: rgb(31, 73, 125);""><span style=""font-family: 'Trebuchet MS';""></span> </inline>
</inline></div>
<div><a href=""http://www.technoventusa.com/medicon.html"" target=""_blank""><inline style=""color: rgb(36, 64, 97); font-size: 16px;"">MEDICON EPIPLATING SYSTEM</inline></a></div>
<div>
	<inline style=""color: rgb(36, 64, 97); font-size: 16px;""><inline style=""color: rgb(31, 73, 125);""><span style=""font-family: 'Trebuchet MS';""></span> </inline>
</inline></div>
<div><a href=""http://www.technoventusa.com/keeper.html"" target=""_blank""><inline style=""color: rgb(36, 64, 97); font-size: 16px;"">ROOT KEEPER/ INSERT KEEPER AND ROOT FACE DRILL</inline></a></div>
<div>
	<inline style=""color: rgb(36, 64, 97); font-size: 16px;""><inline style=""color: rgb(31, 73, 125);""><span style=""font-family: 'Trebuchet MS';""></span> </inline>
</inline></div>
<div><a href=""http://www.technoventusa.com/customspecials.html"" target=""_blank""><inline style=""color: rgb(36, 64, 97); font-size: 16px;"">CUSTOM/ SPECIAL ORDER ITEMS</inline></a></div><hr />Need help? Check out our <a href=""http://www.factor2.com/v/vspfiles/Magnetic_guide/Magnet_order_guide.pdf"" target=""_blank"">Magnet Order Guide</a> and our <a href=""http://www.factor2.com/v/vspfiles/Magnetic_guide/vistafix_guide.pdf"" target=""_blank"">Vistafix Guide</a>",,,,,N,N,,N,Magnetic Components > Technovent USA,0,3,7,4,,,,,,
50,42,How To Guides,452,,,9/29/2020 10:13:00 PM,,,,,,,,,N,N,,,,,9,,,,,14538,,,N,,,N,,"<hr /><div><span style=""FONT-FAMILY: Arial; FONT-SIZE: 14pt; FONT-WEIGHT: bold""><img border=""0"" alt="""" src=""/v/vspfiles/assets/images/technoventusalogo.jpg"" /></span></div>
<div><span style=""FONT-FAMILY: Arial; FONT-SIZE: 14pt; FONT-WEIGHT: bold""></span> </div>
<div><span style=""FONT-FAMILY: Trebuchet MS; FONT-SIZE: 14pt; FONT-WEIGHT: bold"">""How To"" Guides</span></div><span style=""font-family: 'Trebuchet MS'; font-weight: bold;"">
<div style=""font-size: 14pt;"">
<hr />
</div>
<div style=""font-size: 14pt;""><span style=""FONT-STYLE: italic; FONT-FAMILY: Trebuchet MS; FONT-SIZE: 12pt; FONT-WEIGHT: normal"">In this section you will find varios instructional document links that cover a range of laboratory techniques for use of the MagnaCap® system.  We hope to add more guides over time and are also looking to record some instructional DVDs demonstrating prosthetic material techniques.</span></div>
<div style=""font-size: 14pt;""><span style=""FONT-STYLE: italic; FONT-FAMILY: Trebuchet MS; FONT-SIZE: 12pt; FONT-WEIGHT: bold""></span> </div>
<div><span style=""font-style: italic; font-family: 'Trebuchet MS'; font-weight: bold;""><inline style=""font-size: 20px;"">(<span style=""font-family: 'Trebuchet MS'; color: rgb(255, 0, 0);"">Click on the following links below for more information</span>)</inline></span></div></span><hr /><span style=""font-family: 'Trebuchet MS';""><inline style=""color: rgb(79, 129, 189); font-size: 16px;"">
<div style=""font-weight: bold;""><span style=""font-style: italic; font-family: 'Trebuchet MS'; color: rgb(0, 0, 205); font-weight: bold;""></span><span style=""FONT-FAMILY: Trebuchet MS; COLOR: #ff0000""> </span></div>
<div><span style=""font-style: normal; font-family: 'Trebuchet MS'; color: rgb(0, 0, 205); text-decoration: underline; background-color: rgb(255, 255, 255);""><a href=""http://www.technoventusa.com/rootkeeper.html""><b>Post Keepers fitted to Root Abutments</b></a></span></div></inline></span><hr /><span style=""font-family: 'Trebuchet MS';""><b><inline style=""color: rgb(79, 129, 189); font-size: 16px;"">
<div><span style=""font-style: normal; font-family: 'Trebuchet MS'; color: rgb(0, 0, 205); background-color: rgb(255, 255, 255);""></span><span style=""BACKGROUND-COLOR: #ffffff; FONT-FAMILY: Trebuchet MS; COLOR: #0000cd""> </span></div>
<div><span style=""font-style: normal; font-family: 'Trebuchet MS'; color: rgb(0, 0, 205); text-decoration: underline; background-color: rgb(255, 255, 255);""><a href=""http://www.technoventusa.com/magnacapimplants.html"">Magnacaps/Magnabutments fitted to Implants/Abutments</a></span></div></inline></b></span><hr /><span style=""font-family: 'Trebuchet MS';""><b><inline style=""color: rgb(79, 129, 189); font-size: 16px;"">
<div><span style=""font-style: normal; font-family: 'Trebuchet MS'; color: rgb(0, 0, 205); background-color: rgb(255, 255, 255);""></span><span style=""font-family: 'Trebuchet MS'; color: rgb(0, 0, 205); background-color: rgb(255, 255, 255);""> </span></div>
<div><span style=""font-style: normal; font-family: 'Trebuchet MS'; color: rgb(0, 0, 205); text-decoration: underline; background-color: rgb(255, 255, 255);""><a href=""http://www.technoventusa.com/locatorringsystem.html"">Locator Ring System</a></span></div></inline></b></span><hr /><span style=""font-family: 'Trebuchet MS';""><b><inline style=""color: rgb(79, 129, 189); font-size: 16px;"">
</inline><div><inline style=""color: rgb(79, 129, 189); font-size: 16px;""><span style=""font-style: normal; font-family: 'Trebuchet MS'; color: rgb(0, 0, 205); background-color: rgb(255, 255, 255);""></span><span style=""font-family: 'Trebuchet MS'; color: rgb(0, 0, 205); background-color: rgb(255, 255, 255);""> </span></inline></div>
<div><span style=""font-style: normal; font-family: 'Trebuchet MS'; color: rgb(0, 0, 205); text-decoration: underline; background-color: rgb(255, 255, 255);""><a href=""http://www.technoventusa.com/overdentures.html""><inline style=""color: rgb(79, 129, 189); font-size: 16px;"">Laboratory Fabricated Overdentures with Magnets In-Situ</inline></a></span></div></b></span><hr />Need help? Check out our <a href=""http://www.factor2.com/v/vspfiles/Magnetic_guide/Magnet_order_guide.pdf"" target=""_blank"">Magnet Order Guide</a> and our <a href=""http://www.factor2.com/v/vspfiles/Magnetic_guide/vistafix_guide.pdf"" target=""_blank"">Vistafix Guide</a>",,,,,N,N,,N,Magnetic Components > Technovent USA,0,3,7,4,,,,,,
51,14,Platinum RTV Silicones,450,,,1/27/2025 10:21:00 AM,,,,,,,,,N,N,N,,,,14,RTV Silicone,,,,9210,,,N,,,N,,"<div style=""text-align: center;""><span style=""color: rgb(192, 80, 77);""><b><br /></b></span><span style=""color: rgb(192, 80, 77);""><b><br /></b></span><span style=""color: rgb(192, 80, 77);""><b></b></span><a href=""http://www.factor2.com/v/vspfiles/sds tds 2023/tds 2023/ZNew Affidavit 2023.pdf"" target=""_blank"">Download Affidavit Here</a></div><a href=""http://www.factor2.com/v/vspfiles/sds tds 2023/tds 2023/ZNew Affidavit 2023.pdf"" target=""_blank""></a>","Bluestar silicone, silicone elastomer, RTV silicone, LSR silicone, VST Silicone, Platinum cured, Translucent, low viscosity, high clarity, high strength, Non reactive polydimethyl silicone fluid, silicone adhesives, two part medical silicone, Platinum silicone foam, silicone cartridges, silicone gum rubber, silicone dispersions, Acetoxy silicone, matting dispersion, medical silicone adhesives, TinSil silicones, tin cure, thixo, thixotropic, Cab-O-sil",,,,N,N,,N,Silicones,0,3,7,4,,,,,,
52,14,Platinum LSR Silicones,500,,,1/27/2025 10:22:00 AM,,,,,,,,,N,N,N,,,,14,,"Bluestar silicone, silicone elastomer, RTV silicone, LSR silicone, VST Silicone, Platinum cured, Translucent, low viscosity, high clarity, high strength, Non reactive polydimethyl silicone fluid, silicone adhesives, two part medical silicone,",,,9210,,,N,,,N,,"<div style=""text-align: center;""><span style=""text-align: center; color: rgb(192, 80, 77);""><b><br /></b></span><a href=""http://www.factor2.com/v/vspfiles/sds%20tds%202023/tds%202023/ZNew%20Affidavit%202023.pdf"" style=""text-align: center;"">Download Affidavit Here</a></div>","Bluestar silicone, silicone elastomer, RTV silicone, LSR silicone, VST Silicone, Platinum cured, Translucent, low viscosity, high clarity, high strength, Non reactive polydimethyl silicone fluid, silicone adhesives, two part medical silicone, Platinum silicone foam, silicone cartridges, silicone gum rubber, silicone dispersions, Acetoxy silicone, matting dispersion, medical silicone adhesives, TinSil silicones, tin cure, thixo, thixotropic, Cab-O-sil",,,,N,N,,N,Silicones,0,3,7,4,,,,,,
53,14,HCR High Consistency Silicones,550,,,1/27/2025 10:24:00 AM,,,,,,,,,N,N,,,,,14,HCR Silicones,HCR Silicones,,HCR Silicones,9210,,,N,,,N,,"<div style=""text-align: center;""><span style=""text-align: center; color: rgb(192, 80, 77);""><b><br /></b></span><a href=""http://www.factor2.com/v/vspfiles/sds%20tds%202023/tds%202023/ZNew%20Affidavit%202023.pdf"" style=""text-align: center;"">Download Affidavit Here</a></div>","Silicone Gums, Bluestar silicone, silicone elastomer, RTV silicone, LSR silicone, VST Silicone, Platinum cured, Translucent, low viscosity, high clarity, high strength, Non reactive polydimethyl silicone fluid, silicone adhesives, two part medical silicone, Platinum silicone foam, silicone cartridges, silicone gum rubber, silicone dispersions, Acetoxy silicone, matting dispersion, medical silicone adhesives, TinSil silicones, tin cure, thixo, thixotropic, Cab-O-sil",,,,N,N,,N,Silicones,0,3,7,4,,,,,,
54,14,Acetoxy Silicones,600,,,1/27/2025 10:25:00 AM,,,,,,,,,N,N,,,,,14,Acetoxy Silicones,Acetoxy Silicones,,Acetoxy Silicones,9210,,,N,,,N,,"<div style=""text-align: center;""><span style=""text-align: center; color: rgb(192, 80, 77);""><b><br /></b></span><a href=""http://www.factor2.com/v/vspfiles/sds%20tds%202023/tds%202023/ZNew%20Affidavit%202023.pdf"" style=""text-align: center;"">Download Affidavit Here</a></div>","Acetoxy Silicones, Bluestar silicone, silicone elastomer, RTV silicone, LSR silicone, VST Silicone, Platinum cured, Translucent, low viscosity, high clarity, high strength, Non reactive polydimethyl silicone fluid, silicone adhesives, two part medical silicone, Platinum silicone foam, silicone cartridges, silicone gum rubber, silicone dispersions, Acetoxy silicone, matting dispersion, medical silicone adhesives, TinSil silicones, tin cure, thixo, thixotropic, Cab-O-sil",,,,N,N,,N,Silicones,0,3,7,4,,,,,,
55,14,Silicone Foams,700,,,1/27/2025 10:26:00 AM,,,,,,,,,N,N,,,,,14,Silicone Foams,Silicone Foams,,Silicone Foams,9210,,,N,,,N,,"<div style=""text-align: center;""><span style=""text-align: center; color: rgb(192, 80, 77);""><b><br /></b></span><a href=""http://www.factor2.com/v/vspfiles/sds%20tds%202023/tds%202023/ZNew%20Affidavit%202023.pdf"" style=""text-align: center;"">Download Affidavit Here</a></div>","Silicone Foams, Bluestar silicone, silicone elastomer, RTV silicone, LSR silicone, VST Silicone, Platinum cured, Translucent, low viscosity, high clarity, high strength, Non reactive polydimethyl silicone fluid, silicone adhesives, two part medical silicone, Platinum silicone foam, silicone cartridges, silicone gum rubber, silicone dispersions, Acetoxy silicone, matting dispersion, medical silicone adhesives, TinSil silicones, tin cure, thixo, thixotropic, Cab-O-sil",,,,N,N,,N,Silicones,0,3,7,4,,,,,,
56,14,Silicone Gels,750,,,1/27/2025 10:27:00 AM,,,,,,,,,N,N,,,,,14,Silicone Gels,Silicone Gels,,Silicone Gels,9210,,,N,,,N,,"<div style=""text-align: center;""><span style=""text-align: center; color: rgb(192, 80, 77);""><b><br /></b></span><a href=""http://www.factor2.com/v/vspfiles/sds%20tds%202023/tds%202023/ZNew%20Affidavit%202023.pdf"" style=""text-align: center;"">Download Affidavit Here</a></div>","Silicone Gels, Bluestar silicone, silicone elastomer, RTV silicone, LSR silicone, VST Silicone, Platinum cured, Translucent, low viscosity, high clarity, high strength, Non reactive polydimethyl silicone fluid, silicone adhesives, two part medical silicone, Platinum silicone foam, silicone cartridges, silicone gum rubber, silicone dispersions, Acetoxy silicone, matting dispersion, medical silicone adhesives, TinSil silicones, tin cure, thixo, thixotropic, Cab-O-sil",,,,N,N,,N,Silicones,0,3,7,4,,,,,,
57,14,Silicone Fluids,800,,,1/27/2025 10:28:00 AM,,,,,,,,,N,N,,,,,14,Silicone Fluids,Silicone Fluids,,Silicone Fluids,9210,,,N,,,N,,"<div style=""text-align: center;""><span style=""text-align: center; color: rgb(192, 80, 77);""><b><br /></b></span><a href=""http://www.factor2.com/v/vspfiles/sds%20tds%202023/tds%202023/ZNew%20Affidavit%202023.pdf"" style=""text-align: center;"">Download Affidavit Here</a></div>","Silicone Fluids, Bluestar silicone, silicone elastomer, RTV silicone, LSR silicone, VST Silicone, Platinum cured, Translucent, low viscosity, high clarity, high strength, Non reactive polydimethyl silicone fluid, silicone adhesives, two part medical silicone, Platinum silicone foam, silicone cartridges, silicone gum rubber, silicone dispersions, Acetoxy silicone, matting dispersion, medical silicone adhesives, TinSil silicones, tin cure, thixo, thixotropic, Cab-O-sil",,,,N,N,,N,Silicones,0,3,7,4,,,,,,
60,14,Silicone Dispersions,625,,,1/27/2025 10:26:00 AM,,,,,,,,,N,N,,,,,14,Silicone Dispersions,Silicone Dispersions,,Silicone Dispersions,9210,,,N,,,N,,"<div style=""text-align: center;""><br /></div>","Silicone Dispersions, Bluestar silicone, silicone elastomer, RTV silicone, LSR silicone, VST Silicone, Platinum cured, Translucent, low viscosity, high clarity, high strength, Non reactive polydimethyl silicone fluid, silicone adhesives, two part medical silicone, Platinum silicone foam, silicone cartridges, silicone gum rubber, silicone dispersions, Acetoxy silicone, matting dispersion, medical silicone adhesives, TinSil silicones, tin cure, thixo, thixotropic, Cab-O-sil",,,,N,N,,N,Silicones,0,3,7,4,,,,,,
61,34,Alginates,1,1,,9/29/2020 10:13:00 PM,,,,,,,,,N,N,,,,,34,Alginate Impression Materials,"Alginate Impression Materials, Alginates,",,Alginate Impression Materials,14538,,,N,,,N,,,"Alginate, Impression, Materials, Los materiales de impresión de alginato",,,,N,N,,N,Impression  Materials,0,3,7,4,,,,,,
63,0,Special  FX   Products,116,1,,9/29/2020 10:13:00 PM,,,,,,,,,N,N,,,,,63,,,,,14538,,,N,,,N,,,,,,,N,N,,N,,0,3,7,4,,,,,,
65,0,Specialty Products,580,1,,9/29/2020 10:13:00 PM,,,,,,,,,N,N,,,,,65,,,,,14538,,,N,,,N,,,,,,,N,N,,N,,0,3,7,4,,,,,,
66,0,,100,S,,9/29/2020 10:13:00 PM,,,,,,N,N,N,N,N,N,N,,,66,,,,,14538,,,,,,,,,,,,,,,,,,0,3,7,4,,,,,,
67,0,,100,H,,9/29/2020 10:13:00 PM,,,,,10,N,N,N,N,N,N,N,,,67,,,,,14538,,,,,,,,,,,,,,,N,,,0,3,7,4,,,,,,
68,0,Discontinued Items,104,2,,9/29/2020 10:13:00 PM,2,,,,,Y,N,N,N,N,Y,Y,,,68,Sale,Sale and Discontinued Items,,,14538,,,N,,,N,"<b><inline style=""color: rgb(192, 80, 77);"">ALL ITEMS LISTED ARE LIMITED TO STOCK ON HAND<br /></inline></b><br />","<b><inline style=""color: rgb(192, 80, 77);"">ALL ITEMS LISTED ARE LIMITED TO STOCK ON HAND<br /></inline></b><br /><br />","Sale, Discontinued Sale Items",,,,N,Y,,N,,0,3,7,4,,,,,,
69,0,Cartridge Systems,109,1,,9/29/2020 10:13:00 PM,,,,,,,,,N,N,,,,,69,,,Title,,14538,,,N,,,N,,,,,,,N,N,,N,,0,3,7,4,,,,,,
70,69,Dispensing Guns,5,,,9/29/2020 10:13:00 PM,,,,,,,,,N,N,,,,,69,,silicone dispensing guns,,,14538,,,N,,,N,,,silicone dispensing guns,,,,N,N,,N,Cartridge Systems,0,3,7,4,,,,,,
71,69,Silicone Cartridges,3,1,,9/29/2020 10:13:00 PM,,,,,,,,,N,N,,,,,69,Silicone Cartridges,Silicone Cartridges,,,14538,,,N,,,N,,,"Silicone Cartridges, cartridge systems, custom silicone cartridges",,,,N,N,,N,Cartridge Systems,0,3,7,4,,,,,,
73,0,Lab Supplies  / Tools,579,1,,9/29/2020 10:13:00 PM,,,,,,,,,N,N,,,,,73,,"silicone kits, coloration kits, lab kits, mold making kits,tool kits",,,14538,,,N,,,N,,,"silicone kits, coloration kits, lab kits, mold making kits,tool kits",,,,N,N,,N,,0,3,7,4,,,,,,
80,0,Ocular Products,120,1,,9/29/2020 10:13:00 PM,,,,,,,,,N,N,,,,,80,,,,,14538,,,N,,,N,,,,,,,N,N,,N,,0,3,7,4,,,,,,
81,80,Components,,,,9/29/2020 10:13:00 PM,,,,,,,,,N,N,,,,,80,,,,,14538,,,N,,,N,,,,,,,N,N,,N,Ocular Products,0,3,7,4,,,,,,
82,80,Acrylics,,,,9/29/2020 10:13:00 PM,,,,,,,,,N,N,,,,,80,,,,,14538,,,N,,,N,,,,,,,N,N,,N,Ocular Products,0,3,7,4,,,,,,
83,80,Patient Care,,,,9/29/2020 10:13:00 PM,,,,,,,,,N,N,,,,,80,,,,,14538,,,N,,,N,,,,,,,N,N,,N,Ocular Products,0,3,7,4,,,,,,
85,1,Monomer,,,,9/29/2020 10:13:00 PM,,,,,,,,,N,N,,,,,1,monomer,,,,14538,,,N,,,N,,,"Acrylics, Acrílicos, monomer, polymer",,,,N,N,,N,Acrylics,0,3,7,4,,,,,,
86,1,Polymer,,,,9/29/2020 10:13:00 PM,,,,,,,,,N,N,,,,,1,polymer,,,,14538,,,N,,,N,,,"Acrylics, Acrílicos, monomer, polymer",,,,N,N,,N,Acrylics,0,3,7,4,,,,,,
89,82,Monomer,2,,,9/29/2020 10:13:00 PM,,,,,,,,,N,N,,,,,80,,,,,14538,,,N,,,N,,,,,,,N,N,,N,Ocular Products > Acrylics,0,3,7,4,,,,,,
90,82,Polymer,3,,,9/29/2020 10:13:00 PM,,,,,,,,,N,N,,,,,80,,,,,14538,,,N,,,N,,,,,,,N,N,,N,Ocular Products > Acrylics,0,3,7,4,,,,,,
92,15,Daro Adhesives,3,,,1/30/2023 3:45:00 PM,,,,,,,,,N,N,,,,,15,,,,,13244,,,N,,,N,,"<div style=""text-align: center;""><p class=""MsoNormal"" style=""text-align: center;""><b style=""color: rgb(255, 0, 0); font-size: 20px; text-align: start;"">Winter Shipping Restrictions effect this product from October through April - Requires 2nd Day shipping or faster. Freezing deteriorates adhesive qualities.<br /><br /><img src=""/v/vspfiles/assets/images/ADHESIVE PIC.png"" style=""width: 74px;"" /></b><o:p></o:p><a href=""http://www.factor2.com/v/vspfiles/sds tds 2023/tds 2023/Adhesive Guide 2023.pdf"" target=""_blank"" style=""background-color: initial;"">ADHESIVE GUIDE</a></p></div>",,,,,N,N,,N,Adhesive Products,,3,7,4,,,,,,
94,0,Kits,475,1,,9/29/2020 10:13:00 PM,,,,,,,,,N,N,,,,,94,kits,"silicone kits, coloration kits, lab kits, mold making kits,tool kits",,,14538,,,N,,,N,,,"silicone kits, coloration kits, lab kits, mold making kits,tool kits",,,,N,N,,N,,,3,7,4,,,,,,
95,9,Samarium Cobalt,,,,9/29/2020 10:13:00 PM,,,,,,,,,N,N,,,,,9,,,,,14538,,,N,,,N,,"Need help? Check out our <a href=""http://www.factor2.com/v/vspfiles/Magnetic_guide/Magnet_order_guide.pdf"" target=""_blank"">Magnet Order Guide</a> and our <a href=""http://www.factor2.com/v/vspfiles/Magnetic_guide/vistafix_guide.pdf"" target=""_blank"">Vistafix Guide</a>",,,,,N,N,,N,Magnetic Components,,3,7,4,,,,,,
96,9,Magna Cap Components,1,,,8/14/2023 1:20:00 PM,,,,,,,,,N,N,,,,,9,,,,,13244,,,N,,,N,,,,,,,N,N,,N,Magnetic Components,,3,7,4,,,,,,
99,96,Auricular Magnets    S - Range,3,,,9/29/2020 10:13:00 PM,,,,,,,,,N,N,,,,,9,,,,,14538,,,N,,,N,,"Need help? Check out our <a href=""http://www.factor2.com/v/vspfiles/Magnetic_guide/Magnet_order_guide.pdf"" target=""_blank"">Magnet Order Guide</a> and our <a href=""http://www.factor2.com/v/vspfiles/Magnetic_guide/vistafix_guide.pdf"" target=""_blank"">Vistafix Guide</a>",,,,,N,N,,N,Magnetic Components > Magna Cap Components,,3,7,4,,,,,,
100,0,S - Range Magnacaps,,,,9/29/2020 10:13:00 PM,,,,,,,,,N,N,,,,,100,,,,,14538,,,N,,,N,,,,,,,N,N,,N,,,3,7,4,,,,,,
101,96,Magnacaps   S - Range,1,,,9/29/2020 10:13:00 PM,,,,,,,,,N,N,,,,,9,,,,,14538,,,N,,,N,,"Need help? Check out our <a href=""http://www.factor2.com/v/vspfiles/Magnetic_guide/Magnet_order_guide.pdf"" target=""_blank"">Magnet Order Guide</a> and our <a href=""http://www.factor2.com/v/vspfiles/Magnetic_guide/vistafix_guide.pdf"" target=""_blank"">Vistafix Guide</a>",,,,,N,N,,N,Magnetic Components > Magna Cap Components,,3,7,4,,,,,,
102,96,Magnabutments   S - Range,2,,,9/29/2020 10:13:00 PM,,,,,,,,,N,N,,,,,9,,,,,14538,,,N,,,N,,"Need help? Check out our <a href=""http://www.factor2.com/v/vspfiles/Magnetic_guide/Magnet_order_guide.pdf"" target=""_blank"">Magnet Order Guide</a> and our <a href=""http://www.factor2.com/v/vspfiles/Magnetic_guide/vistafix_guide.pdf"" target=""_blank"">Vistafix Guide</a>",,,,,N,N,,N,Magnetic Components > Magna Cap Components,,3,7,4,,,,,,
103,96,Magnets Prosthesis   S - Range,0,,,9/29/2020 10:13:00 PM,,,,,,,,,N,N,,,,,9,,,,,14538,,,N,,,N,,"Need help? Check out our <a href=""http://www.factor2.com/v/vspfiles/Magnetic_guide/Magnet_order_guide.pdf"" target=""_blank"">Magnet Order Guide</a> and our <a href=""http://www.factor2.com/v/vspfiles/Magnetic_guide/vistafix_guide.pdf"" target=""_blank"">Vistafix Guide</a>",,,,,N,N,,N,Magnetic Components > Magna Cap Components,,3,7,4,,,,,,
104,96,Dental Attachments & Accessories,4,,,9/29/2020 10:13:00 PM,,,,,,,,,N,N,,,,,9,,,,,14538,,,N,,,N,,"Need help? Check out our <a href=""http://www.factor2.com/v/vspfiles/Magnetic_guide/Magnet_order_guide.pdf"" target=""_blank"">Magnet Order Guide</a> and our <a href=""http://www.factor2.com/v/vspfiles/Magnetic_guide/vistafix_guide.pdf"" target=""_blank"">Vistafix Guide</a>",,,,,N,N,,N,Magnetic Components > Magna Cap Components,,3,7,4,,,,,,
105,96,Laboratory Accessories,3,,,9/29/2020 10:13:00 PM,,,,,,,,,N,N,,,,,9,,,,,14538,,,N,,,N,,"Need help? Check out our <a href=""http://www.factor2.com/v/vspfiles/Magnetic_guide/Magnet_order_guide.pdf"" target=""_blank"">Magnet Order Guide</a> and our <a href=""http://www.factor2.com/v/vspfiles/Magnetic_guide/vistafix_guide.pdf"" target=""_blank"">Vistafix Guide</a>",,,,,N,N,,N,Magnetic Components > Magna Cap Components,,3,7,4,,,,,,
106,10,Gypsum / Stone,,,,9/29/2020 10:13:00 PM,,,,,,,,,N,N,,,,,10,,,,,14538,,,N,,,N,,,,,,,N,N,,N,Mold Making,,3,7,4,,,,,,
107,73,Gypsum / Stone,5,1,,9/29/2020 10:13:00 PM,,,,,,,,,N,N,,,,,73,,,,,14538,,,N,,,N,,,,,,,N,N,,N,Lab Supplies  / Tools,,3,7,4,,,,,,
108,16,Medical / Patient Use,,,,9/29/2020 10:13:00 PM,,,,,,,,,N,N,,,,,16,,,,,14538,,,N,,,N,,,,,,,N,N,,N,Solvents,,3,7,4,,,,,,
109,16,Biodegradable,,,,9/29/2020 10:13:00 PM,,,,,,,,,N,N,,,,,16,,,,,14538,,,N,,,N,,,,,,,N,N,,N,Solvents,,3,7,4,,,,,,
111,73,Hand Tools,6,1,,9/29/2020 10:13:00 PM,,,,,,,,,N,N,,,,,73,,,,,14538,,,N,,,N,,,,,,,N,N,,N,Lab Supplies  / Tools,,3,7,4,,,,,,
112,8,Dispensing Guns,,,,9/29/2020 10:13:00 PM,,,,,,,,,N,N,,,,,8,,,,,14538,,,N,,,N,,,,,,,N,N,,N,Equipment,,3,7,4,,,,,,
113,8,Scales,,,,9/29/2020 10:13:00 PM,,,,,,,,,N,N,,,,,8,,,,,14538,,,N,,,N,,,,,,,N,N,,N,Equipment,,3,7,4,,,,,,
114,8,Ovens,,,,9/29/2020 10:13:00 PM,,,,,,,,,N,N,,,,,8,,,,,14538,,,N,,,N,,,,,,,N,N,,N,Equipment,,3,7,4,,,,,,
115,8,Two Roll Mill,,,,9/29/2020 10:13:00 PM,,,,,,,,,N,N,,,,,8,,,,,14538,,,N,,,N,,,,,,,N,N,,N,Equipment,,3,7,4,,,,,,
116,8,Vacuum Equipment,,,,9/29/2020 10:13:00 PM,,,,,,,,,N,N,,,,,8,,,,,14538,,,N,,,N,,,,,,,N,N,,N,Equipment,,3,7,4,,,,,,
117,69,Silicone Cartridge Starter Kits,2,1,,9/29/2020 10:13:00 PM,,,,,,,,,N,N,,,,,69,,,,,14538,,,N,,,N,,,,,,,N,N,,N,Cartridge Systems,,3,7,4,,,,,,
118,69,Pigmented Silicone Cartridges,4,1,,9/29/2020 10:13:00 PM,,,,,,,,,N,N,,,,,69,,,,,14538,,,N,,,N,,,,,,,N,N,,N,Cartridge Systems,,3,7,4,,,,,,
395,10,Materials,,,,9/29/2020 10:13:00 PM,,,,,,,,,N,N,,,,,10,,,,,14538,,,N,,,N,,,,,,,N,N,,N,Mold Making,,3,7,4,,,,,,
978,0,E-Catalog,6,1,http://www.factor2.com/v/vspfiles/2014-Catalog%20v3/mobile/index.html#p=1,9/29/2020 10:13:00 PM,,,,,,,,,N,N,,,,,978,,,,http://www.factor2.com/v/vspfiles/2014-Catalog%20v3/mobile/,14538,BELOW,,N,,,N,,,,,,,N,Y,,N,,,3,7,4,,,,,,
1273,0,European Distributors,105,2,http://www.technovent.com/,9/29/2020 10:13:00 PM,,,,,,,,,N,N,,,,,1273,,,,,14538,BELOW,,N,,,N,,,,,,,Y,N,,N,,,3,7,4,,,,,,
1274,60,Non Flammable Dispersions,,,,9/29/2020 10:13:00 PM,,,,,,,,,N,N,,,,,14,,,,,14538,,,N,,,N,,Non Flammable Silicone Dispersions,,,,,N,N,,N,Silicones > Silicone Dispersions,,3,7,4,,,,,,
1275,34,Impression Silicones,,,,9/29/2020 10:13:00 PM,,,,,,,,,N,N,,,,,34,,,,,14538,,,N,,,N,,,,,,,N,N,,N,Impression  Materials,,3,7,4,,,,,,
1276,80,Digital Iris Buttons,,,,9/29/2020 10:13:00 PM,,,,,,,,,N,N,,,,,80,,,,,14538,,,N,,,N,,Pre-made Digital Iris Buttons,,,,,N,N,,N,Ocular Products,,3,7,4,,,,,,
1277,0,Digital Catalog,103,2,http://www.factor2.com/v/vspfiles/downloadables/2023 Catalog new .pdf,12/19/2023 1:46:00 PM,,,,,,,,,N,N,,,,,1277,,,,,13244,,,N,,,N,,,,,,,Y,N,,N,,,3,7,4,,,,,,
1278,15,Skin Preparation,5,,,1/30/2023 4:07:00 PM,,,,,,,,,N,N,,,,,15,,,,Skin_Prep,13244,,,N,,,N,,"<div style=""text-align: center;"">Products to prepare the skin for adhering the prosthetic to the body.<br /><span style=""font-size: 14pt; color: rgb(255, 0, 0); background-color: initial;"">October through April</span></div><div style=""text-align: center;""><span style=""font-size: 11.3333px; color: rgb(255, 0, 0);""><span style=""font-size: 14pt;"">To guarantee shipment of our water based adhesives during the winter months,<br />Daro and Pros Aide must ship via 2nd day air.</span></span></div><div style=""text-align: center;""><img src=""/v/vspfiles/assets/images/ADHESIVE PIC.png"" style=""width: 63px;"" /><a href=""http://www.factor2.com/v/vspfiles/sds tds 2023/tds 2023/Adhesive Guide 2023.pdf"" target=""_blank"">ADHESIVE GUIDE</a></div><a href=""http://www.factor2.com/v/vspfiles/sds tds 2023/tds 2023/Adhesive Guide 2023.pdf"" target=""_blank""></a>",,,,,N,N,,N,Adhesive Products,,3,7,4,,,,,,
1279,10,Silicone Mold Material,,,,9/29/2020 10:13:00 PM,,,,,,,,,N,N,,,,,10,,,,,14538,,,N,,,N,,,,,,,N,N,,N,Mold Making,,3,7,4,,,,,,
1627,27,Silicone Based,,,,1/30/2023 4:08:00 PM,,,,,,,,,N,N,,,,,15,,,,,13244,,,N,,,N,,"<div style=""text-align: center;"">Water Resistant Silicone Based Adhesives<br /><a href=""http://www.factor2.com/v/vspfiles/sds tds 2023/tds 2023/Adhesive Guide 2023.pdf"" target=""_blank""><img src=""/v/vspfiles/assets/images/ADHESIVE PIC.png"" style=""width: 74px;"" />ADHESIVE GUIDE</a></div>",,,,,N,N,,N,Adhesive Products > Medical & Prosthetic Adhesives,,3,7,4,,,,,,
1628,27,Water Based,,,,1/30/2023 4:10:00 PM,,,,,,,,,N,N,,,,,15,,,,,13244,,,N,,,N,,"<div style=""text-align: center;"">Water based adhesives for the retention of prosthetics and medical devices<br /><b style=""text-align: left; color: rgb(255, 0, 0); font-size: 20px;"">Winter Shipping Restrictions effect this product from October through April - Requires 2nd Day shipping or faster. Freezing deteriorates adhesive qualities.<br /><br /><img src=""/v/vspfiles/assets/images/ADHESIVE PIC.png"" style=""width: 69px;"" /></b><a href=""http://www.factor2.com/v/vspfiles/sds tds 2023/tds 2023/Adhesive Guide 2023.pdf"" target=""_blank"" style=""text-align: left;"">ADHESIVE GUIDE</a></div>",,,,,N,N,,N,Adhesive Products > Medical & Prosthetic Adhesives,,3,7,4,,,,,,
1629,6,Silicone Coloration,99,,,9/29/2020 10:13:00 PM,,,,,,,,,N,N,,,,,6,,,,,14538,,,N,,,N,,,,,,,N,N,,N,Coloration Materials,,3,7,4,,,,,,
1976,6,Acrylic & Ocular Coloration,101,,,9/29/2020 10:13:00 PM,,,,,,,,,N,N,,,,,6,,,,,14538,,,N,,,N,,,,,,,N,N,,N,Coloration Materials,,3,7,4,,,,,,
1977,60,Flammable Dispersions,,,,9/29/2020 10:13:00 PM,,,,,,,,,N,N,,,,,14,,,,,14538,,,N,,,N,,,,,,,N,N,,N,Silicones > Silicone Dispersions,,3,7,4,,,,,,
1978,57,Commercial Fluids,,,,9/29/2020 10:13:00 PM,,,,,,,,,N,N,,,,,14,,,,,14538,,,N,,,N,,,,,,,N,N,,N,Silicones > Silicone Fluids,,3,7,4,,,,,,
1979,57,Personal Health Care Fluids,,,,9/29/2020 10:13:00 PM,,,,,,,,,N,N,,,,,14,,,,,14538,,,N,,,N,,,,,,,N,N,,N,Silicones > Silicone Fluids,,3,7,4,,,,,,
1980,57,Silicone Fluids,,,,1/31/2024 3:12:00 PM,,,,,,,,,N,N,,,,,14,,,,,13244,,,N,,,N,,,,,,,N,N,,N,Silicones > Silicone Fluids,,3,7,4,,,,,,
1981,16,All Solvents,,1,,9/29/2020 10:13:00 PM,,,,,,,,,N,N,,,,,16,,,,,14538,,,N,,,N,,,,,,,N,N,,N,Solvents,,3,7,4,,,,,,
1982,80,Miscellaneous,,,,9/29/2020 10:13:00 PM,,,,,,,,,N,N,,,,,80,,,,,14538,,,N,,,N,,,,,,,N,N,,N,Ocular Products,,3,7,4,,,,,,
1983,3,Clays,,,,9/29/2020 10:13:00 PM,,,,,,,,,N,N,,,,,73,,,,,14538,,,N,,,N,,,,,,,N,N,,N,Lab Supplies  / Tools > Sculpting Medium,,3,7,4,,,,,,
1985,3,Accessories,,,,9/29/2020 10:13:00 PM,,,,,,,,,N,N,,,,,73,,,,,14538,,,N,,,N,,,,,,,N,N,,N,Lab Supplies  / Tools > Sculpting Medium,,3,7,4,,,,,,
1986,7,Mixing & Measuring,,,,9/29/2020 10:13:00 PM,,,,,,,,,N,N,,,,,73,,,,,14538,,,N,,,N,,,,,,,N,N,,N,Lab Supplies  / Tools > Disposables,,3,7,4,,,,,,
1987,73,Accessories,,,,9/29/2020 10:13:00 PM,,,,,,,,,N,N,,,,,73,,,,,14538,,,N,,,N,,,,,,,N,N,,N,Lab Supplies  / Tools,,3,7,4,,,,,,
1988,73,Mold Making,,,,9/29/2020 10:13:00 PM,,,,,,,,,N,N,,,,,73,,,,,14538,,,N,,,N,,,,,,,N,N,,N,Lab Supplies  / Tools,,3,7,4,,,,,,
1989,15,Tape,,,,1/30/2023 4:04:00 PM,,,,,,,,,N,N,,,,,15,,,,,13244,,,N,,,N,,"<div style=""text-align: center;""><span style=""font-size: 11.3333px; color: rgb(255, 0, 0);""><span style=""font-size: 14pt;"">October through April</span></span></div><div style=""text-align: center;""><span style=""font-size: 11.3333px; color: rgb(255, 0, 0);""><span style=""font-size: 14pt;"">To guarantee shipment of our water based adhesives during the winter months,<br />Daro and Pros Aide must ship via 2nd day air.</span></span></div><p class=""MsoNormal"" style=""text-align: center;""><a href=""http://www.factor2.com/v/vspfiles/sds tds 2023/tds 2023/Adhesive Guide 2023.pdf"" target=""_blank""><br /><img src=""/v/vspfiles/assets/images/ADHESIVE PIC.png"" style=""width: 71px;"" />ADHESIVE GUIDE</a></p>",,,,,N,N,,N,Adhesive Products,,3,7,4,,,,,,
1991,0,Spectromatch,106,2,,9/29/2020 10:13:00 PM,,,,,,,,,N,N,,,,,1991,,,,,14538,,,N,,,N,,,,,,,N,N,,N,,,3,7,4,,,,,,
1992,8,Spectromatch,,,,9/29/2020 10:13:00 PM,,,,,,,,,N,N,,,,,8,,,,,14538,,,N,,,N,,,,,,,N,N,,N,Equipment,,3,7,4,,,,,,
1993,11,Aerosol,,,,9/29/2020 10:13:00 PM,,,,,,,,,N,N,,,,,11,,,,,14538,,,N,,,N,,,,,,,N,N,,N,Mold Releases,,3,7,4,,,,,,
1994,11,Liquid,,,,9/29/2020 10:13:00 PM,,,,,,,,,N,N,,,,,11,,,,,14538,,,N,,,N,,,,,,,N,N,,N,Mold Releases,,3,7,4,,,,,,