id,optioncatid,replacesoptionid,optionsdesc,pricediff,productweight,recurringpricediff,jumptoproductcode,novalue,arrangeoptionsby,defaultselected,textbox_size,textbox_rows,validate_regexpression,validate_errormessage,validate_optionid,validate_optioncatid,lastmodified,isproductcode,vendorpricediff,only_available_with_optionids,not_available_with_optionids,isproductprice,isproductquantity,isfixedshippingcost,isproductcode_qty,setupcostdiff,lastmodby,optionsdesc_sidenote,textbox_max_length,fixedshippingcost,applytoproductcodes
"7","4","","Black w/ Blue liner","0","","","","N","10","N","","","","","","","6/27/2023 12:51:00 PM","","","","","N","N","N","","","13244","","","","J-303-C"
"8","4","","Purple","0","","","","N","10","N","","","","","","","6/27/2023 12:48:00 PM","","","","","N","N","N","","","13244","","","","J-303-C"
"9","4","","Pink","0","","","","N","10","N","","","","","","","6/27/2023 12:49:00 PM","","","","","N","N","N","","","13244","","","","J-303-C"
"10","4","","Green","0","","","","N","10","N","","","","","","","6/27/2023 12:49:00 PM","","","","","N","N","N","","","13244","","","","J-303-C"
"11","4","","Orange","0","","","","N","10","N","","","","","","","6/27/2023 12:50:00 PM","","","","","N","N","N","","","13244","","","","J-303-C"
"14","4","","Red  (H-204R)","0","0","","","N","10","N","","","","","","","6/27/2023 12:45:00 PM","","","","","N","N","N","","","13244","","","",""
"49","4","","Dark Brown (501703)","0","","","","N","","","","","","","","","10/19/2010 8:45:00 AM","","","","","","","","","","10","","","","501701"
"50","4","","Light Brown - (501701LB)","0","","","","N","","N","","","","","","","9/28/2023 7:23:00 AM","","","","","N","N","","","","13244","","","","501701"
"51","4","","Black (50171B)","0","","","","N","","","","","","","","","4/25/2007 8:54:00 AM","","","","","","","","","","10","","","",""
"52","4","","Blonde (501720B)","0","","","","N","","","","","","","","","4/25/2007 8:54:00 AM","","","","","","","","","","10","","","",""
"53","4","","Salt and Pepper (501751)","0","","","","N","","","","","","","","","4/25/2007 8:54:00 AM","","","","","","","","","","10","","","",""
"54","4","","Black (501710)","0","","","","N","","","","","","","","","4/25/2007 8:54:00 AM","","","","","","","","","","10","","","","501710"
"55","4","","Brown (501720)","0","","","","N","","","","","","","","","4/25/2007 8:54:00 AM","","","","","","","","","","10","","","",""
"95","4","","White (WH1)","0","","","","N","","","","","","","","","4/25/2007 8:54:00 AM","","","","","","","","","","10","","","","WH-"
"96","4","","Light Blonde (WH2)","0","","","","N","","","","","","","","","8/13/2009 11:05:00 AM","","","","","","","","","","10","","","","WH-"
"97","4","","Ash Blond (WH3)","0","","","","N","","","","","","","","","4/25/2007 8:54:00 AM","","","","","","","","","","10","","","","WH-"
"98","4","","Strawberry Blond (WH4)","0","","","","N","","","","","","","","","4/15/2013 2:40:00 PM","","","","","","","","","","10","","","","WH-"
"99","4","","Light Auburn (WH6)","0","","","","N","","","","","","","","","4/25/2007 8:54:00 AM","","","","","","","","","","10","","","","WH-"
"100","4","","Dark Auburn (WH7)","0","","","","N","","","","","","","","","4/25/2007 8:54:00 AM","","","","","","","","","","10","","","","WH-"
"101","4","","Light Brown (WH9)","0","","","","N","","","","","","","","","4/25/2007 8:54:00 AM","","","","","","","","","","10","","","","WH-"
"103","4","","Brunette (WH11)","0","","","","N","","","","","","","","","4/25/2007 8:54:00 AM","","","","","","","","","","10","","","","WH-"
"104","4","","Dark Brown (WH12)","0","","","","N","","","","","","","","","4/25/2007 8:54:00 AM","","","","","","","","","","10","","","","WH-"
"106","4","","Ginger (WH15)","0","","","","N","","","","","","","","","4/25/2007 8:54:00 AM","","","","","","","","","","10","","","","WH-"
"109","4","","Light Grey (WH19)","0","","","","N","","","","","","","","","4/25/2007 8:54:00 AM","","","","","","","","","","10","","","","WH-"
"111","4","","Dark Grey (WH21)","0","","","","N","","","","","","","","","4/25/2007 8:54:00 AM","","","","","","","","","","10","","","","WH-"
"112","4","","Black (WH22)","0","","","","N","","","","","","","","","4/25/2007 8:54:00 AM","","","","","","","","","","10","","","",""
"113","8","","Soft (G-214)","0","","","","N","","N","","","","","","","5/21/2010 10:11:00 AM","","","","","N","N","N","","","10","","","",""
"114","8","","Medium (G-216)","0","","","","N","","N","","","","","","","4/15/2007 8:41:00 AM","","","","","N","N","N","","","1","","","",""
"120","4","","Beard Stipple (FE-208)","0","","","","N","","N","","","","","","","7/2/2018 2:34:00 PM","","","","","N","N","N","","","8205","","","","FE-SK01"
"121","4","","Umber (FE-217)","0","","","","N","","N","","","","","","","4/25/2007 8:54:00 AM","","","","","N","N","N","","","10","","","","FE-SK01"
"122","4","","Yellow Ochre (FE-219)","0","","","","N","","N","","","","","","","4/25/2007 8:54:00 AM","","","","","N","N","N","","","10","","","","FE-SK01"
"123","4","","Raw Sienna (FE-222)","0","","","","N","","N","","","","","","","4/25/2007 8:54:00 AM","","","","","N","N","N","","","10","","","","FE-SK01"
"124","4","","Monastral Red (FE-225)","0","","","","N","","N","","","","","","","4/25/2007 8:54:00 AM","","","","","N","N","N","","","10","","","","FE-SK01"
"125","4","","Blue (FE-203)","0","","","","N","","N","","","","","","","11/2/2012 9:03:00 AM","","","","","N","N","N","","","10","","","",""
"126","4","","Plum (FE-301)","0","","","","N","","N","","","","","","","4/25/2007 8:54:00 AM","","","","","N","N","N","","","10","","","",""
"127","4","","Liver Spot (FE-305)","0","","","","N","","N","","","","","","","4/25/2007 8:54:00 AM","","","","","N","N","N","","","10","","","","FE-SK01"
"128","4","","C. Stipple (FE-228)","0","","","","N","","N","","","","","","","4/25/2007 8:54:00 AM","","","","","N","N","N","","","10","","","","FE-SK01"
"129","4","","Violet (FE-230)","0","","","","N","","N","","","","","","","4/25/2007 8:54:00 AM","","","","","N","N","N","","","10","","","","FE-SK01"
"130","4","","Tan (FE-215)","0","","","","N","","N","","","","","","","4/25/2007 8:54:00 AM","","","","","N","N","N","","","10","","","","FE-SK01"
"131","4","","White (FE-200)","0","","","","N","","N","","","","","","","4/25/2007 8:54:00 AM","","","","","N","N","N","","","10","","","","FE-SK01"
"132","4","","Red (FE-204)","0","","","","N","","N","","","","","","","4/25/2007 8:54:00 AM","","","","","N","N","N","","","10","","","","FE-SK01"
"133","4","","Burnt Sienna (FE-218)","0","","","","N","","N","","","","","","","4/25/2007 8:54:00 AM","","","","","N","N","N","","","10","","","","FE-SK01"
"134","4","","Black (FE-205)","0","","","","N","","N","","","","","","","4/25/2007 8:54:00 AM","","","","","N","N","N","","","10","","","","FE-SK01"
"135","4","","Yellow (FE-202.1)","0","","","","N","","N","","","","","","","11/5/2018 10:35:00 AM","","","","","N","N","N","","","10","","","","FE-SK01"
"136","3","","Size 000 (G-490-000)","0","","","","N","","N","","","","","","","10/17/2018 7:14:00 AM","","","","","N","N","N","","","9210","","","","G-490"
"137","3","","Size 00 (G-490-00)","0","","","","N","","N","","","","","","","10/17/2018 8:26:00 AM","","","","","N","N","N","","","9210","","","","G-490"
"138","3","","Size 0 (G-490-0)","0","","","","N","","N","","","","","","","10/17/2018 8:26:00 AM","","","","","N","N","N","","","9210","","","","G-490"
"139","3","","Size 1 (G-490-1)","0","","","","N","","N","","","","","","","10/17/2018 8:26:00 AM","","","","","N","N","N","","","9210","","","","G-490"
"140","3","","Size 3 (G-490-3)","0.5","","","","N","","N","","","","","","","10/17/2018 8:26:00 AM","","","","","N","N","N","","","9210","","","","G-490"
"141","3","","Size 5 (G-490-5)","1","","","","N","","N","","","","","","","10/17/2018 8:26:00 AM","","","","","N","N","N","","","9210","","","","G-490"
"142","3","","Size 000 - 6 Pack (G-490-000-6)","11.5","0.2","","","N","","N","","","","","","","10/17/2018 8:26:00 AM","","","","","N","N","N","","","9210","","","","G-490"
"143","3","","Size 00 - 6 Pack (G-490-00-6)","11.5","","","","N","","N","","","","","","","10/17/2018 8:26:00 AM","","","","","N","N","N","","","9210","","","","G-490"
"144","3","","Size 0 - 6 Pack (G-490-0-6)","11.5","","","","N","","N","","","","","","","10/17/2018 8:26:00 AM","","","","","N","N","N","","","9210","","","","G-490"
"145","3","","Size 1 - 6 Pack (G-490-1-6)","11.5","1","","","N","","N","","","","","","","10/17/2018 8:26:00 AM","","","","","N","N","N","","","9210","","","","G-490"
"146","3","","Size 3 - 6 Pack (G-490-3-6)","12","0.25","","","N","","N","","","","","","","10/17/2018 8:26:00 AM","","","","","N","N","N","","","9210","","","","G-490"
"147","3","","Size 5 - 6 Pack (G-490-5-6)","15.5","1","","","N","","N","","","","","","","10/17/2018 8:26:00 AM","","","","","N","N","N","","","9210","","","","G-490"
"148","4","","White (FI-200)","0","","","","N","","N","","","","","","","4/25/2007 8:54:00 AM","","","","","N","N","N","","","10","","","","DG-200-LSR-P,DG-400-LSR-P,DG-50-MIL-P,FI"
"149","4","","Yellow (FI-202.1)","0","","","","N","","N","","","","","","","6/1/2016 8:27:00 AM","","","","","N","N","N","","","8205","","","","DG-200-LSR-P,DG-400-LSR-P,DG-50-MIL-P,FI"
"151","4","","Red (FI-204)","0","","","","N","","N","","","","","","","4/25/2007 8:54:00 AM","","","","","N","N","N","","","10","","","","DG-200-LSR-P,DG-400-LSR-P,DG-50-MIL-P,FI"
"152","4","","Black (FI-205)","0","","","","N","","N","","","","","","","4/25/2007 8:54:00 AM","","","","","N","N","N","","","10","","","","DG-200-LSR-P,DG-400-LSR-P,DG-50-MIL-P,FI"
"154","4","","Purple (FI-211)","0","","","","N","","N","","","","","","","4/25/2007 8:54:00 AM","","","","","N","N","N","","","10","","","","DG-200-LSR-P,DG-400-LSR-P,DG-50-MIL-P,FI"
"155","4","","Tan (FI-215)","0","","","","N","","N","","","","","","","4/25/2007 8:54:00 AM","","","","","N","N","N","","","10","","","","DG-200-LSR-P,DG-400-LSR-P,DG-50-MIL-P,FI"
"156","4","","Umber (FI-217)","0","","","","N","","N","","","","","","","4/25/2007 8:54:00 AM","","","","","N","N","N","","","10","","","","DG-200-LSR-P,DG-400-LSR-P,DG-50-MIL-P,FI"
"157","4","","Burnt Sienna (FI-218)","0","","","","N","","N","","","","","","","4/25/2007 8:54:00 AM","","","","","N","N","N","","","10","","","","DG-200-LSR-P,DG-400-LSR-P,DG-50-MIL-P,FI"
"158","4","","Yellow Ochre (FI-219)","0","","","","N","","N","","","","","","","4/25/2007 8:54:00 AM","","","","","N","N","N","","","10","","","","DG-200-LSR-P,DG-400-LSR-P,DG-50-MIL-P,FI"
"159","4","","Raw Sienna (FI-222)","0","","","","N","","N","","","","","","","4/25/2007 8:54:00 AM","","","","","N","N","N","","","10","","","","DG-200-LSR-P,DG-400-LSR-P,DG-50-MIL-P,FI"
"160","4","","Monastral Red (FI-225)","0","","","","N","","N","","","","","","","9/23/2016 10:09:00 AM","","","","","N","N","N","","","10","","","","DG-200-LSR-P,DG-400-LSR-P,DG-50-MIL-P"
"161","4","","Suntan (FI-227)","0","","","","N","","N","","","","","","","4/25/2007 8:54:00 AM","","","","","N","N","N","","","10","","","","FI"
"162","4","","Red D&C (FI-228)","0","","","","N","","N","","","","","","","4/25/2007 8:54:00 AM","","","","","N","N","N","","","10","","","","DG-200-LSR-P,DG-400-LSR-P,DG-50-MIL-P,FI"
"163","4","","Violet (FI-230)","0","","","","N","","N","","","","","","","4/25/2007 8:54:00 AM","","","","","N","N","N","","","10","","","","DG-200-LSR-P,DG-400-LSR-P,DG-50-MIL-P,FI"
"164","4","","Green (FI-232)","0","","","","N","","N","","","","","","","4/25/2007 8:54:00 AM","","","","","N","N","N","","","10","","","","DG-200-LSR-P,DG-400-LSR-P,DG-50-MIL-P,FI"
"165","4","","Naturelle (FI-SK01)","0","","","","N","","N","","","","","","","9/23/2016 10:19:00 AM","","","","","N","N","N","","","10","","","","DG-200-LSR-P,DG-400-LSR-P,DG-50-MIL-P,FI-SK-"
"166","4","","Ivory (FI-SK03)","0","","","","N","","N","","","","","","","4/25/2007 8:54:00 AM","","","","","N","N","N","","","10","","","","DG-200-LSR-P,DG-400-LSR-P,DG-50-MIL-P,FI-SK-"
"167","4","","Bisque (FI-SK05)","0","","","","N","","N","","","","","","","4/25/2007 8:54:00 AM","","","","","N","N","N","","","10","","","","DG-200-LSR-P,DG-400-LSR-P,DG-50-MIL-P,FI-SK-"
"168","4","","Cream (FI-SK07)","0","","","","N","","N","","","","","","","4/25/2007 8:54:00 AM","","","","","N","N","N","","","10","","","","DG-200-LSR-P,DG-400-LSR-P,DG-50-MIL-P,FI-SK-"
"169","4","","Honey (FI-SK09)","0","","","","N","","N","","","","","","","4/25/2007 8:54:00 AM","","","","","N","N","N","","","10","","","","DG-200-LSR-P,DG-400-LSR-P,DG-50-MIL-P,FI-SK-"
"170","4","","Sante Fe (FI-SK11)","0","","","","N","","N","","","","","","","4/25/2007 8:54:00 AM","","","","","N","N","N","","","10","","","","DG-200-LSR-P,DG-400-LSR-P,DG-50-MIL-P,FI-SK-"
"171","4","","Blush (FI-SK13)","0","","","","N","","N","","","","","","","4/25/2007 8:54:00 AM","","","","","N","N","N","","","10","","","","DG-200-LSR-P,DG-400-LSR-P,DG-50-MIL-P,FI-SK-"
"172","4","","Soft Brown (FI-SK15)","0","","","","N","","N","","","","","","","4/25/2007 8:54:00 AM","","","","","N","N","N","","","10","","","","DG-200-LSR-P,DG-400-LSR-P,DG-50-MIL-P,FI-SK-"
"173","4","","Dusk (FI-SK17)","0","","","","N","","N","","","","","","","4/25/2007 8:54:00 AM","","","","","N","N","N","","","10","","","","DG-200-LSR-P,DG-400-LSR-P,DG-50-MIL-P,FI-SK-"
"174","4","","Mocha (FI-SK19)","0","","","","N","","N","","","","","","","10/14/2021 9:10:00 AM","","","","","N","N","N","","","13244","","","","DG-200-LSR-P,DG-400-LSR-P,DG-50-MIL-P,FI-SK-"
"175","4","","Dark Brown (FI-SK21)","0","","","","N","","N","","","","","","","4/25/2007 8:54:00 AM","","","","","N","N","N","","","10","","","","DG-200-LSR-P,DG-400-LSR-P,DG-50-MIL-P,FI-SK-"
"176","4","","Warm Brown (FI-SK23)","0","","","","N","","N","","","","","","","4/25/2007 8:54:00 AM","","","","","N","N","N","","","10","","","","DG-200-LSR-P,DG-400-LSR-P,DG-50-MIL-P,FI-SK-"
"177","4","","Chocolate (FI-SK25)","0","","","","N","","N","","","","","","","4/25/2007 8:54:00 AM","","","","","N","N","N","","","10","","","","DG-200-LSR-P,DG-400-LSR-P,DG-50-MIL-P,FI-SK-"
"178","4","","Chestnut (FI-SK27)","0","","","","N","","N","","","","","","","4/25/2007 8:54:00 AM","","","","","N","N","N","","","10","","","","DG-200-LSR-P,DG-400-LSR-P,DG-50-MIL-P,FI-SK-"
"179","4","","Rose Silk (FI-SK29)","0","","","","N","","N","","","","","","","4/25/2007 8:54:00 AM","","","","","N","N","N","","","10","","","","DG-200-LSR-P,DG-400-LSR-P,DG-50-MIL-P,FI-SK-"
"180","4","","Velvet Rose (FI-SK31)","0","","","","N","","N","","","","","","","4/25/2007 8:54:00 AM","","","","","N","N","N","","","10","","","","DG-200-LSR-P,DG-400-LSR-P,DG-50-MIL-P,FI-SK-"
"181","4","","Pink Tint (FI-SK33)","0","","","","N","","N","","","","","","","4/25/2007 8:54:00 AM","","","","","N","N","N","","","10","","","","DG-200-LSR-P,DG-400-LSR-P,DG-50-MIL-P,FI-SK-"
"182","4","","Etruscan Pink (FI-SK35)","0","","","","N","","N","","","","","","","4/25/2007 8:54:00 AM","","","","","N","N","N","","","10","","","","DG-200-LSR-P,DG-400-LSR-P,DG-50-MIL-P,FI-SK-"
"183","4","","Hyancinth Pink (FI-SK37)","0","","","","N","","N","","","","","","","4/25/2007 8:54:00 AM","","","","","N","N","N","","","10","","","","DG-200-LSR-P,DG-400-LSR-P,DG-50-MIL-P,FI-SK-"
"184","4","","Tuscany Red (FI-SK39)","0","","","","N","","N","","","","","","","4/25/2007 8:54:00 AM","","","","","N","N","N","","","10","","","","DG-200-LSR-P,DG-400-LSR-P,DG-50-MIL-P,FI-SK-"
"185","4","","Victoria Rose (FI-SK41)","0","","","","N","","N","","","","","","","4/25/2007 8:54:00 AM","","","","","N","N","N","","","10","","","","FI-SK-"
"186","4","","Freckle Stipple (FI-SK43)","0","","","","N","","N","","","","","","","4/25/2007 8:54:00 AM","","","","","N","N","N","","","10","","","","DG-200-LSR-P,DG-400-LSR-P,DG-50-MIL-P,FI-SK-"
"187","4","","Red (H-101-R)","0","","","","N","","N","","","","","","","10/7/2015 7:27:00 AM","","","","","N","N","N","","","9210","","","","H-100"
"188","4","","White (H-102-W)","0","","","","N","","N","","","","","","","10/7/2015 7:29:00 AM","","","","","N","N","N","","","9210","","","","H-100"
"189","4","","Yellow (H-103-Y)","0","","","","N","","N","","","","","","","10/7/2015 7:29:00 AM","","","","","N","N","N","","","9210","","","","H-100"
"190","4","","Light Blue (H-104-B)","0","","","","N","","N","","","","","","","10/7/2015 7:29:00 AM","","","","","N","N","N","","","9210","","","","H-100"
"191","4","","Blue (H-105-B)","0","","","","N","","N","","","","","","","10/7/2015 7:30:00 AM","","","","","N","N","N","","","9210","","","","H-100"
"192","4","","Orange (H-106-O)","0","","","","N","","N","","","","","","","10/7/2015 7:30:00 AM","","","","","N","N","N","","","9210","","","",""
"193","4","","Plum (H-107-P)","0","","","","N","","N","","","","","","","10/7/2015 7:30:00 AM","","","","","N","N","N","","","9210","","","","H-100"
"194","4","","Tan (H-108-T)","0","","","","N","","N","","","","","","","10/7/2015 7:31:00 AM","","","","","N","N","N","","","9210","","","","H-100"
"195","4","","Pink (H-109-P)","0","","","","N","","N","","","","","","","10/7/2015 7:31:00 AM","","","","","N","N","N","","","9210","","","","H-100"
"196","4","","Brown (H-110-B)","0","","","","N","","N","","","","","","","10/7/2015 7:31:00 AM","","","","","N","N","N","","","9210","","","","H-100"
"197","4","","Violet (H-111-V)","0","","","","N","","N","","","","","","","10/7/2015 7:32:00 AM","","","","","N","N","N","","","9210","","","","H-100"
"198","4","","Black (H-112-B)","0","","","","N","","N","","","","","","","10/7/2015 7:32:00 AM","","","","","N","N","N","","","9210","","","","H-100"
"199","4","","Charcoal Grey (H-113-G)","0","","","","N","","N","","","","","","","10/7/2015 7:32:00 AM","","","","","N","N","N","","","9210","","","","H-100"
"201","4","","Gold (H-115-G)","0","","","","N","","N","","","","","","","10/7/2015 7:33:00 AM","","","","","N","N","N","","","9210","","","","H-100"
"202","4","","Hot Pink (H-116-P)","0","","","","N","","N","","","","","","","10/7/2015 7:33:00 AM","","","","","N","N","N","","","9210","","","","H-100"
"205","4","","Peach (H-119-P)","0","","","","N","","N","","","","","","","10/7/2015 7:33:00 AM","","","","","N","N","N","","","9210","","","","H-100"
"206","4","","Light Buff (H-120-LB)","0","","","","N","","N","","","","","","","10/7/2015 7:34:00 AM","","","","","N","N","N","","","9210","","","","H-100"
"207","4","","Dark Red (H-121-R)","0","","","","N","","N","","","","","","","10/7/2015 7:34:00 AM","","","","","N","N","N","","","9210","","","","H-100"
"208","4","","Dark Blue (H-122-B)","0","","","","N","","N","","","","","","","10/7/2015 7:34:00 AM","","","","","N","N","N","","","9210","","","","H-100"
"209","4","","Orchid (H-123-O)","0","","","","N","","N","","","","","","","10/7/2015 7:34:00 AM","","","","","N","N","N","","","9210","","","","H-100"
"210","4","","Green (H-131-G)","0","","","","N","","N","","","","","","","10/7/2015 7:35:00 AM","","","","","N","N","N","","","9210","","","","H-100"
"211","4","","Flesh (H-132-F)","0","","","","N","","N","","","","","","","10/7/2015 7:35:00 AM","","","","","N","N","N","","","9210","","","","H-100"
"213","3","","Small (6x8 cm) (9012)","0","","","","N","1","N","","","","","","","11/5/2015 1:35:00 PM","","","","","N","N","N","","","9210","","","","9012"
"214","3","","Medium (12x8 cm) (9013)","2","","","","N","2","N","","","","","","","11/30/2021 12:32:00 PM","","","","","N","N","N","","","9210","","","","9012"
"215","3","","Large (16x12 cm) (9014)","5","","","","N","3","N","","","","","","","10/17/2023 3:33:00 PM","","","","","N","N","N","","","13244","","","",""
"220","3","","Size P7 - Extra Small","14.95","","","","N","2","N","","","","","","","3/3/2025 11:11:00 AM","","","","","N","N","N","","","13244","","","","P"
"221","3","","Size P13 - Small","16.95","","","","N","3","N","","","","","","","7/17/2024 11:29:00 AM","","","","","N","N","N","","","13244","","","","P"
"222","3","","Size P14 - Medium","20.95","","","","N","4","N","","","","","","","7/17/2024 11:29:00 AM","","","","","N","N","N","","","13244","","","","P"
"223","3","","Size P15 - Large","23.95","","","","N","5","N","","","","","","","7/17/2024 11:30:00 AM","","","","","N","N","N","","","13244","","","","P"
"224","3","","Size P16 - Extra Large","42.95","","","","N","6","N","","","","","","","7/17/2024 11:30:00 AM","","","","","N","N","N","","","13244","","","","P"
"226","7","","Price for 12 Pack (AL-204)","22","","","","N","2","N","","","","","","","10/16/2024 9:28:00 AM","","","","","N","N","N","","","13244","","","","AL-204-1"
"229","3","","Large (AL-627)","2","","","","N","3","N","","","","","","","11/5/2015 6:39:00 AM","","","","","N","N","N","","","9210","","","","AL-627"
"230","3","","1 Gallon (D-212-1)","0","","","","N","","N","","","","","","","4/25/2007 8:54:00 AM","","","","","N","N","N","","","10","","","","D-212-1"
"231","3","","2 Gallon (D-212-2)","116","","","","N","","N","","","","","","","7/7/2020 8:46:00 AM","","","","","N","N","N","","","9210","","","","D-212-1"
"232","3","","4.5 Gallon (D-212-4)","326","","","","N","","N","","","","","","","8/21/2023 10:23:00 AM","","","","","N","N","N","","","13244","","","",""
"267","11","","B-302 Light","0","","","","N","1","N","","","","","","","11/6/2015 10:56:00 AM","","","","","N","N","N","","","9210","","","","B-302"
"268","11","","B-303 Heavy","0","","","","N","2","N","","","","","","","11/6/2015 10:56:00 AM","","","","","N","N","N","","","9210","","","","B-302"
"269","11","","B-304 Extra Heavy","0","","","","N","3","N","","","","","","","11/6/2015 10:57:00 AM","","","","","N","N","N","","","9210","","","","B-302"
"270","12","","11.0 mm","0","","","","N","2","N","","","","","","","11/6/2015 9:53:00 AM","","","","","N","N","N","","","9210","","","","J-100,J-120,J-121,J-122,J-130,J-200,J-200-4mm"
"271","12","","11.5 mm","0","","","","N","3","N","","","","","","","11/6/2015 9:53:00 AM","","","","","N","N","N","","","9210","","","","J-100,J-120,J-121,J-130,J-200,J-200-4mm"
"272","12","","12.0 mm","0","","","","N","4","N","","","","","","","11/6/2015 9:53:00 AM","","","","","N","N","N","","","9210","","","","J-100,J-120,J-121,J-130,J-200,J-200-4mm"
"273","12","","12.5 mm","0","","","","N","5","N","","","","","","","11/6/2015 9:53:00 AM","","","","","N","N","N","","","9210","","","","J-100,J-120,J-121,J-130,J-200,J-200-4mm"
"275","12","","13.0 mm","0","","","","N","6","N","","","","","","","11/6/2015 9:53:00 AM","","","","","N","N","N","","","9210","","","","J-100,J-120,J-121,J-122,J-130,J-200,J-200-4mm"
"276","12","","9.5 mm","0","","","","N","1","N","","","","","","","11/6/2015 9:58:00 AM","","","","","N","N","N","","","9210","","","","J-100"
"277","13","","1mm","0","","","","N","","N","","","","","","","4/15/2007 6:45:00 PM","","","","","N","N","N","","","1","","","",""
"278","13","","2mm","0","","","","N","","N","","","","","","","4/15/2007 6:45:00 PM","","","","","N","N","N","","","1","","","","J-200"
"279","13","","3mm","0","","","","N","","N","","","","","","","4/15/2007 6:45:00 PM","","","","","N","N","N","","","1","","","","J-200"
"298","7","","1 Each (J-400)","0","","","","N","1","N","","","","","","","11/6/2015 10:14:00 AM","","","","","N","N","N","","","9210","","","","J-400"
"299","7","","Quantity of 12 (J-412)","30.45","","","","N","2","N","","","","","","","3/23/2022 8:37:00 AM","","","","","N","N","N","","","13244","","","","J-400"
"317","3","","2 lb Kit (A-RTV-05)","0","","","","N","1","N","","","","","","","12/18/2017 8:48:00 AM","","","","","N","N","N","","","8205","","","","A-RTV-05"
"318","3","","2 Gallon Kit (A-RTV-05-GAL)","300","19","","","N","2","N","","","","","","","11/8/2021 10:58:00 AM","","","","","N","N","N","","","12664","","","","A-RTV-05-GAL"
"329","3","","4 oz.","4","1","","","N","2","N","","","","","","","6/16/2022 11:31:00 AM","","","","","N","N","N","","","13244","","","","FE-100"
"330","3","","16oz.","18","2","","","N","3","N","","","","","","","6/16/2022 11:31:00 AM","","","","","N","N","N","","","13244","","","","FE-100"
"333","16","","B-205-SR (.5 inch x 3 yards) (1.27 cm x 91.44 cm)","0","","","","N","1","N","","","","","","","3/9/2023 10:12:00 AM","","","","","N","N","N","","","13244","","","","B-205"
"334","16","","B-205-1 (1 inch x 24 yards) (2.54 cm x  7.3 m)","15","1","","","N","3","N","","","","","","","3/9/2023 10:13:00 AM","","","","","N","N","N","","","13244","","","","B-205"
"335","16","","B-205 (.5 inch x 36 yards) (1.27 cm x 11 m)","9","1","","","N","2","N","","","","","","","3/9/2023 10:13:00 AM","","","","","N","N","N","","","13244","","","","B-205"
"365","3","","2lb. Kit","0","","","","N","1","N","","","","","","","6/8/2011 12:46:00 PM","","","","","N","N","N","","","3839","","","","A-223-25,A-223-30,A-223-40,A-225-50,A-225-60"
"371","3","","2 lb. Kit","0","","","","N","1","N","","","","","","","6/8/2011 3:15:00 PM","","","","","N","N","N","","","3839","","","","A-221-01,A-221-05,A-221-10,A-225-70"
"372","3","","2 Gallon Kit","289.05","20","","","N","2","N","","","","","","","10/20/2021 10:46:00 AM","","","","","N","N","N","","","9210","","","","A-221-01,A-221-05,A-221-10,A-223-25,A-223-30,A-223-40,A-225-50,A-225-60,A-225-70"
"387","3","","1 lb. Kit","0","","","","N","1","N","","","","","","","11/8/2015 7:07:00 AM","","","","","N","N","","","","9210","","","","A-103"
"389","3","","16 oz. (A-104)","0","","","","N","","N","","","","","","","8/16/2016 3:07:00 PM","","","","","N","N","","","","8205","","","","A-104"
"390","3","","16 oz. - Box of 4 (A-104)","530","7","","","N","","N","","","","","","","2/29/2024 8:03:00 AM","","","","","N","N","","","","9210","","","",""
"401","3","","J-19 (19mm)","0","","","","N","","N","","","","","","","4/2/2024 7:33:00 AM","","","","","N","N","","","","13244","","","",""
"402","3","","J-21 (21mm)","0","","","","N","","N","","","","","","","4/2/2024 7:33:00 AM","","","","","N","N","","","","13244","","","",""
"404","3","","J-24 (24mm)","0","","","","N","","N","","","","","","","4/2/2024 7:34:00 AM","","","","","N","N","","","","13244","","","",""
"405","3","","J-26 (26mm)","0","","","","N","","N","","","","","","","4/2/2024 7:34:00 AM","","","","","N","N","","","","13244","","","","J-17"
"406","3","","8oz.","0","","","","N","1","N","","","","","","","6/13/2011 4:34:00 PM","","","","","N","N","","","","3839","","","","J-570,J-572"
"407","3","","32oz.","58","4","","","N","2","N","","","","","","","3/27/2025 12:31:00 PM","","","","","N","N","","","","14860","","","","J-572"
"409","3","","16oz.","","","","","N","1","N","","","","","","","7/17/2012 2:27:00 PM","","","","","N","N","","","","10","","","","J-510,J-600"
"410","3","","5 lb.","316","8","","","N","2","N","","","","","","","1/29/2025 3:54:00 PM","","","","","N","N","","","","9210","","","","J-510"
"411","3","","32oz.","41","7","","","N","2","N","","","","","","","3/17/2025 9:50:00 AM","","","","","N","N","","","","14860","","","","J-570"
"413","3","","5 lb.","296","8","","","N","2","N","","","","","","","1/29/2025 4:00:00 PM","","","","","N","N","","","","9210","","","","J-600"
"414","3","","MD-564  1 oz","0","","","","N","1","N","","","","","","","12/1/2016 3:26:00 PM","","","","","N","N","","","","8205","","","","MD-564"
"423","3","","32 oz.","11","4","","","N","2","N","","","","","","","8/15/2018 12:51:00 PM","","","","","N","N","","","","9210","","","",""
"424","3","","1 Gallon","74.05","9","","","N","3","N","","","","","","","8/15/2018 12:51:00 PM","","","","","N","N","","","","9210","","","",""
"428","3","","8oz.","0","1","","","N","2","N","","","","","","","8/29/2011 4:42:00 PM","","","","","N","N","","","","3839","","","",""
"429","3","","16 oz.","11","3","","","N","2","N","","","","","","","8/15/2018 12:46:00 PM","","","","","N","N","","","","9210","","","","B-3808"
"430","3","","MD-564 4 oz.","14","1","","","N","2","N","","","","","","","10/28/2021 11:41:00 AM","","","","","N","N","","","","12664","","","","MD-564"
"432","3","","16oz.","0","0","","","N","1","N","","","","","","","8/15/2018 3:19:00 PM","","","","","N","N","","","","9210","","","","V40047,V40073,V40098,V40104"
"435","3","","TS-564  1 oz.","0","","","","N","1","N","","","","","","","12/1/2016 12:49:00 PM","","","","","N","N","","","","8205","","","","TS-564"
"445","4","","Deep Bisque (FI-SK55)","0","","","","N","","N","","","","","","","7/20/2011 12:21:00 PM","","","","","N","N","","","","3839","","","","FI-SK-"
"446","4","","Cocoa (FI-SK47)","0","","","","N","","N","","","","","","","7/20/2011 1:04:00 PM","","","","","N","N","","","","3839","","","","FI-SK-"
"447","4","","Almond (FI-SK49)","0","","","","N","","N","","","","","","","7/20/2011 1:06:00 PM","","","","","N","N","","","","3839","","","","FI-SK-"
"448","4","","Golden (FI-SK45)","0","","","","N","","N","","","","","","","7/20/2011 1:08:00 PM","","","","","N","N","","","","3839","","","","FI-SK-"
"449","4","","Dusty Pink (FI-SK57)","0","","","","N","","N","","","","","","","7/20/2011 1:08:00 PM","","","","","N","N","","","","3839","","","","FI-SK-"
"450","4","","Victoria Rose (FI-SK41)","0","","","","N","","N","","","","","","","7/20/2011 1:10:00 PM","","","","","N","N","","","","3839","","","","DG-200-LSR-P,DG-400-LSR-P,DG-50-MIL-P"
"451","4","","Biscotte (FI-SK53)","0","","","","N","","N","","","","","","","7/20/2011 1:13:00 PM","","","","","N","N","","","","3839","","","","FI-SK-"
"452","4","","Auburn (FI-SK51)","0","","","","N","","N","","","","","","","7/20/2011 1:14:00 PM","","","","","N","N","","","","3839","","","","FI-SK-"
"464","3","","1 Gallon  (A-840-G)","121.25","12","","","N","3","N","","","","","","","6/16/2022 9:46:00 AM","","","","","N","N","","","","9","","","","A-840"
"465","3","","1 oz. (A-840-1)","0","","","","N","1","N","","","","","","","6/16/2022 11:33:00 AM","","","","","N","N","","","","13244","","","","A-840"
"467","3","","16 oz. (A-840)","19.2","2","","","N","2","N","","","","","","","6/16/2022 9:46:00 AM","","","","","N","N","","","","9","","","","A-840"
"472","3","","1 oz.","0","0","","","N","1","N","","","","","","","1/30/2017 3:26:00 PM","","","","","N","N","N","","","8205","","","","FP-13,I-301"
"483","3","","TS-564  4 oz.","20","1","","","N","2","N","","","","","","","10/28/2021 11:51:00 AM","","","","","N","N","N","","","12664","","","","TS-564"
"484","3","","B-508 (4oz)","2.75","0","","","N","2","N","","","","","","","9/6/2022 7:36:00 AM","","","","","N","N","N","","","12664","","","","B-508"
"485","3","","B-508-16 (16oz)","10","2","","","N","3","N","","","","","","","9/6/2022 7:37:00 AM","","","","","N","N","N","","","12664","","","","B-508"
"487","3","","B-608-1 (1 oz)","0","0","","","N","1","N","","","","","","","11/3/2015 3:25:00 PM","","","","","N","N","N","","","9210","","","","B-608"
"488","3","","B-608 (4oz)","15","0","","","N","2","N","","","","","","","10/25/2021 1:13:00 PM","","","","","N","N","N","","","12664","","","","B-608"
"490","3","","B-608-16 (16oz)","62.5","2","","","N","3","N","","","","","","","6/16/2022 11:20:00 AM","","","","","N","N","N","","","13244","","","","B-608"
"494","3","","B-508-1 (1oz)","0","0","","","N","1","N","","","","","","","11/3/2015 3:18:00 PM","","","","","N","N","N","","","9210","","","","B-508"
"496","3","","G-407-00 (Pack of 6)  $32.00","0","0","","","N","","N","","","","","","","5/17/2012 2:35:00 PM","","","","","N","N","N","","","10","","","",""
"497","3","","B-510 (2 oz)","2.45","0","","","N","2","N","","","","","","","11/4/2015 2:35:00 PM","","","","","N","N","N","","","9210","","","",""
"498","3","","B-511 (8 oz)","8.45","1","","","N","3","N","","","","","","","8/15/2018 12:51:00 PM","","","","","N","N","N","","","9210","","","",""
"499","3","","B-510-1 (1 oz)","0","0","","","N","1","N","","","","","","","11/4/2015 2:35:00 PM","","","","","N","N","N","","","9210","","","",""
"501","7","","B-7731 (1 Can)","0","0","","","N","1","N","","","","","","","11/3/2015 3:24:00 PM","","","","","N","N","N","","","9210","","","","B-7731"
"502","7","","B-7731-4 (Box of 4)","72.05","1","","","N","2","N","","","","","","","11/3/2015 3:23:00 PM","","","","","N","N","N","","","9210","","","","B-7731"
"509","3","","B-206-1 (1oz)","0","0","","","N","1","N","","","","","","","11/3/2015 10:15:00 AM","","","","","N","N","N","","","9210","","","","B-206"
"510","3","","B-206 (4 oz)","12","0","","","N","2","N","","","","","","","11/3/2015 3:16:00 PM","","","","","N","N","N","","","9210","","","","B-206"
"511","3","","B-208-1 (1oz)","0","0","","","N","1","N","","","","","","","11/11/2015 4:30:00 PM","","","","","N","N","N","","","9210","","","","B-208"
"512","3","","B-208 (8oz)","15.96","0","","","N","2","N","","","","","","","11/20/2023 8:21:00 AM","","","","","N","N","N","","","13244","","","","B-208"
"516","3","","B-400 (1oz)","0","0","","","N","","N","","","","","","","11/3/2015 3:37:00 PM","","","","","N","N","N","","","9210","","","","B-400"
"517","3","","B-401 (2oz)","12.45","1","","","N","","N","","","","","","","4/7/2022 9:56:00 AM","","","","","N","N","N","","","13244","","","","B-400"
"518","3","","B-402 (16oz)","163.45","3","","","N","","N","","","","","","","4/7/2022 9:57:00 AM","","","","","N","N","N","","","13244","","","","B-400"
"519","3","","B-460 (1oz)","0","0","","","N","1","N","","","","","","","11/3/2015 3:39:00 PM","","","","","N","N","N","","","9210","","","","B-460"
"520","3","","B-461 (2oz)","12.45","1","","","N","2","N","","","","","","","4/7/2022 9:54:00 AM","","","","","N","N","N","","","13244","","","","B-460"
"521","3","","B-462 (16oz)","170.45","3","","","N","3","N","","","","","","","4/7/2022 9:55:00 AM","","","","","N","N","N","","","13244","","","","B-460"
"525","3","","BT-401 (2oz)","23","1","","","N","2","N","","","","","","","4/23/2025 7:41:00 AM","","","","","N","N","N","","","14860","","","","BT-401"
"526","3","","BT-402 (16oz)","329.05","3","","","N","3","N","","","","","","","4/7/2022 9:41:00 AM","","","","","N","N","N","","","13244","","","","BT-401"
"527","3","","BT-401-1 (1oz)","0","0","","","N","1","N","","","","","","","11/3/2015 3:42:00 PM","","","","","N","N","N","","","9210","","","","BT-401"
"534","3","","J-710 (10cc Pack of 12)","0","0","","","N","1","N","","","","","","","3/27/2024 2:48:00 PM","","","","","N","N","N","","","13244","","","",""
"535","3","","J-730 (30ml Pack of 12)","6","0","","","N","2","N","","","","","","","3/27/2024 2:53:00 PM","","","","","N","N","N","","","13244","","","",""
"536","3","","J-760 (60 cc Price for 1)","0","0","","","N","1","N","","","","","","","12/21/2015 8:34:00 AM","","","","","N","N","N","","","9210","","","",""
"538","3","","BT-460-1 (1oz)","0","0","","","N","1","N","","","","","","","11/3/2015 3:43:00 PM","","","","","N","N","N","","","9210","","","","BT-460"
"539","3","","BT-460 (2oz)","19","1","","","N","2","N","","","","","","","4/7/2022 9:31:00 AM","","","","","N","N","N","","","13244","","","","BT-460"
"540","3","","BT-461 (16oz)","360.05","3","","","N","3","N","","","","","","","4/7/2022 9:31:00 AM","","","","","N","N","N","","","13244","","","","BT-460"
"551","3","","1 oz","0","0","","","N","1","N","","","","","","","11/6/2015 11:49:00 AM","","","","","N","N","N","","","9210","","","","FE-100"
"552","3","","D-48G 1 inch x 48 inch Green (Add 2.00)","2","0","","","N","2","N","","","","","","","12/1/2022 8:01:00 AM","","","","","N","N","N","","","13244","","","","D-36Y"
"553","3","","2 oz.","3","0","","","N","2","N","","","","","","","6/16/2022 10:39:00 AM","","","","","N","N","N","","","13244","","","",""
"554","3","","Small (AL-627)","0","0","","","N","1","N","","","","","","","11/5/2015 6:38:00 AM","","","","","N","N","N","","","9210","","","",""
"556","3","","A-315-4  4 oz.","0","0","","","N","1","N","","","","","","","8/17/2023 2:31:00 PM","","","","","N","N","N","","","13244","","","","A-315"
"557","3","","16 oz.","0","0","","","N","1","N","","","","","","","11/6/2015 11:58:00 AM","","","","","N","N","N","","","9210","","","","B-515"
"558","3","","16 oz - (A-244)","0","0","","","N","1","N","","","","","","","5/31/2016 2:36:00 PM","","","","","N","N","N","","","8205","","","","A-244"
"559","3","","8 oz.","0","1","","","N","1","N","","","","","","","10/25/2018 10:46:00 AM","","","","","N","N","N","","","11483","","","","B-3808"
"560","3","","16 oz.","0","0","","","N","","N","","","","","","","2/16/2017 2:35:00 PM","","","","","N","N","N","","","8205","","","","V5050,V5100,V51000,V512500"
"568","3","","A-135 / 3 lb kit","0","0","","","N","1","N","","","","","","","4/25/2019 12:58:00 PM","","","","","N","N","N","","","9210","","","","A-135"
"569","3","","A-150-10 lb","216","17","","","N","3","N","","","","","","","1/26/2022 12:19:00 PM","","","","","N","N","N","","","12664","","","","A-150"
"570","3","","A-150 / 3 lb kit","0","0","","","N","1","N","","","","","","","4/25/2019 1:04:00 PM","","","","","N","N","N","","","9210","","","","A-150"
"571","3","","A-165-30","736","35","","","N","5","N","","","","","","","6/20/2023 10:45:00 AM","","","","","N","N","N","","","13244","","","","A-165"
"573","3","","A-165-10 LB","216","17","","","N","4","N","","","","","","","6/20/2023 10:44:00 AM","","","","","N","N","N","","","13244","","","","A-165"
"574","3","","16 oz.","45","2","","","N","3","N","","","","","","","6/16/2022 10:44:00 AM","","","","","N","N","N","","","9","","","","I-301"
"579","25","","GP-001 Alizarin Crimson","6","","","","N","14","N","","","","","","","12/11/2018 8:39:00 AM","","","","","N","N","","","","9210","","","","GP"
"580","25","","GP-023 Burnt Sienna","0","","","","N","1","N","","","","","","","12/11/2018 8:39:00 AM","","","","","N","N","","","","9210","","","","GP"
"581","25","","GP-024 Burnt Umber","0","","","","N","2","N","","","","","","","12/11/2018 8:39:00 AM","","","","","N","N","","","","9210","","","","GP"
"582","25","","GP-025 Cadmium Orange","14","","","","N","19","N","","","","","","","3/27/2024 10:40:00 AM","","","","","N","N","","","","13244","","","","GP"
"583","25","","GP-026 Cadmium Red Deep","19","","","","N","18","N","","","","","","","12/8/2021 2:35:00 PM","","","","","N","N","","","","13244","","","","GP"
"584","25","","GP-027 Cadmium Red Light","19","","","","N","21","N","","","","","","","12/8/2021 2:36:00 PM","","","","","N","N","","","","13244","","","","GP"
"585","25","","GP-029 Cadmium Red Medium","20","","","","N","22","N","","","","","","","5/1/2023 12:56:00 PM","","","","","N","N","","","","13244","","","","GP"
"586","25","","GP-030 Cadmium Barium Red","19","","","","N","23","N","","","","","","","12/8/2021 2:36:00 PM","","","","","N","N","","","","13244","","","","GP"
"587","25","","GP-031 Cadmium Yellow Deep","14","","","","N","20","N","","","","","","","3/27/2024 10:40:00 AM","","","","","N","N","","","","13244","","","","GP"
"588","25","","GP-034 Cadmium Barium Yellow Medium","14","","","","N","16","N","","","","","","","5/1/2023 12:56:00 PM","","","","","N","N","","","","13244","","","","GP"
"589","25","","GP-036 Cadmium Yellow Pale","14","","","","N","17","N","","","","","","","5/1/2023 12:55:00 PM","","","","","N","N","","","","13244","","","","GP"
"590","25","","GP-039 Cerulean Blue Hue","4","","","","N","13","N","","","","","","","12/8/2021 2:37:00 PM","","","","","N","N","","","","13244","","","","GP"
"591","25","","GP-049 Cobalt Blue","20","","","","N","24","N","","","","","","","5/1/2023 12:54:00 PM","","","","","N","N","","","","13244","","","","GP"
"592","25","","GP-071 Pale Pink (previously named Flesh - No color change)","4","","","","N","8","N","","","","","","","12/8/2021 2:38:00 PM","","","","","N","N","","","","13244","","","","GP"
"593","25","","GP-115 Ivory Black","0","","","","N","3","N","","","","","","","12/11/2018 8:39:00 AM","","","","","N","N","","","","9210","","","","GP"
"594","25","","GP-146 Naples Yellow","4","","","","N","9","N","","","","","","","12/8/2021 2:38:00 PM","","","","","N","N","","","","13244","","","","GP"
"595","25","","GP-156 Payne's Gray","4","","","","N","10","N","","","","","","","12/8/2021 2:38:00 PM","","","","","N","N","","","","13244","","","","GP"
"596","25","","GP-160 Permanent Blue","4","","","","N","11","N","","","","","","","12/8/2021 2:38:00 PM","","","","","N","N","","","","13244","","","","GP"
"597","25","","GP-171 Raw Sienna","0","","","","N","4","N","","","","","","","12/11/2018 8:39:00 AM","","","","","N","N","","","","9210","","","","GP"
"598","25","","GP-172 Raw Umber","0","","","","N","5","N","","","","","","","12/11/2018 8:39:00 AM","","","","","N","N","","","","9210","","","","GP"
"599","25","","GP-182 Rose Madder","4","","","","N","12","N","","","","","","","12/8/2021 2:39:00 PM","","","","","N","N","","","","13244","","","","GP"
"600","25","","GP-211 Thio Violet","4","","","","N","6","N","","","","","","","12/8/2021 2:39:00 PM","","","","","N","N","","","","13244","","","","GP"
"601","25","","GP-212-11 Titanium White 150ml","17","","","","N","15","N","","","","","","","12/8/2021 2:39:00 PM","","","","","N","N","","","","13244","","","","GP"
"602","25","","GP-212-9 Titanium White","0","","","","N","7","N","","","","","","","12/11/2018 8:39:00 AM","","","","","N","N","","","","9210","","","","GP"
"603","25","","GP-232 Viridian Green","19","","","","N","25","N","","","","","","","12/8/2021 2:40:00 PM","","","","","N","N","","","","13244","","","","GP"
"604","25","","GP-244 Yellow Ochre","0","","","","N","","N","","","","","","","6/6/2013 2:26:00 PM","","","","","N","N","","","","10","","","","GP"
"605","25","","GP-085 Green Earth Hue","0","","","","N","","N","","","","","","","6/26/2018 2:27:00 PM","","","","","N","N","","","","9210","","","","GP"
"606","25","","GP-016 Burnt Sienna Deep","0","","","","N","","N","","","","","","","6/6/2013 2:26:00 PM","","","","","N","N","","","","10","","","","GP"
"614","3","","D-180R 1 inch x180 inch Red (Add 4.00)","4","","","","N","3","N","","","","","","","12/1/2022 8:02:00 AM","","","","","N","N","","","","13244","","","","D-36Y"
"616","3","","D-36Y 1 inch x 36 inch Yellow","0","","","","N","1","N","","","","","","","12/1/2022 8:02:00 AM","","","","","N","N","","","","13244","","","","D-36Y"
"623","3","","A-165 / 3 lb kit","0","","","","N","2","N","","","","","","","6/20/2023 10:43:00 AM","","","","","N","N","","","","13244","","","","A-165"
"630","3","","1 lb.","24.45","","","","N","2","N","","","","","","","11/6/2025 9:48:00 AM","","","","","N","N","","","","18997","","","","H-100"
"631","3","","2 oz.","0","","","","N","1","N","","","","","","","4/9/2014 3:42:00 PM","","","","","N","N","","","","10","","","","B-204,H-100"
"660","3","","A-4717 2 lb. kit","0","3","","","N","2","N","","","","","","","3/23/2022 2:32:00 PM","","","","","N","N","","","","12664","","","","A-4717"
"675","3","","1 Roll","0","0","","","N","1","N","","","","","","","6/25/2014 2:53:00 PM","","","","","N","N","N","","","10","","","","30-3046"
"676","3","","1 Box of 12 Rolls","63","9","","","N","2","N","","","","","","","3/16/2020 4:29:00 PM","","","","","N","N","N","","","9210","","","",""
"678","4","","Gold Pearl (FI-238)","0","","","","N","","N","","","","","","","7/10/2014 12:56:00 PM","","","","","N","N","","","","10","","","","DG-200-LSR-P,DG-400-LSR-P,DG-50-MIL-P,FI"
"679","4","","Gold Pearl (FE-238)","0","","","","N","","N","","","","","","","7/10/2014 1:43:00 PM","","","","","N","N","","","","10","","","","FE-SK01"
"702","26","","5RT13","0","0","","","N","24","N","","","","","","","8/11/2022 8:52:00 AM","","","","","N","N","","","","13244","","","",""
"724","3","","Gallon Kit","258","20","","","N","2","N","","","","","","","10/20/2021 2:35:00 PM","","","","","N","N","","","","9210","","","","VST-30,VST-50"
"725","3","","1lb Kit","0","2","","","N","1","N","","","","","","","9/14/2018 12:20:00 PM","","","","","N","N","","","","9210","","","","VST-30,VST-50,VST-50HD"
"726","3","","5 Gallon Kit","1483","65","","","N","3","N","","","","","","","10/20/2021 2:35:00 PM","","","","","N","N","","","","9210","","","","VST-30,VST-50"
"727","3","","Gallon Kit","290","20","","","N","2","N","","","","","","","6/18/2024 8:12:00 AM","","","","","N","N","","","","9210","","","","VST-50HD"
"728","9","","T-1","0.55","","","","N","2","N","","","","","","","12/7/2018 8:33:00 AM","","","","","N","N","","","","9210","","","",""
"729","9","","T-2","0","","","","N","1","N","","","","","","","12/7/2018 8:33:00 AM","","","","","N","N","","","","9210","","","","T-1"
"730","9","","T-4","1","","","","N","4","N","","","","","","","8/20/2014 1:02:00 PM","","","","","N","N","","","","8205","","","","T-1"
"731","9","","T-5","1","","","","N","5","N","","","","","","","8/20/2014 1:03:00 PM","","","","","N","N","","","","8205","","","",""
"732","9","","T-6","1","","","","N","6","N","","","","","","","8/20/2014 1:03:00 PM","","","","","N","N","","","","8205","","","","T-1"
"733","9","","T-10 kit (Tools T-1 through T-7)","27","","","","N","8","N","","","","","","","8/20/2014 1:12:00 PM","","","","","N","N","","","","8205","","","",""
"734","9","","T-3","1","","","","N","3","N","","","","","","","8/20/2014 1:05:00 PM","","","","","N","N","","","","8205","","","","T-1"
"735","9","","T-7","2","","","","N","7","N","","","","","","","10/24/2017 9:37:00 AM","","","","","N","N","","","","8205","","","",""
"739","8","","A-223-30-200mil","0","","","","N","2","N","","","","","","","5/14/2024 10:53:00 AM","","","","","N","N","","","","13244","","","","DG-200-LSR,DG-200-LSR-P"
"740","8","","A-223-40-200mil","0","","","","N","3","N","","","","","","","8/16/2022 7:10:00 AM","","","","","N","N","","","","13244","","","","DG-200-LSR,DG-200-LSR-P"
"741","8","","A-225-50-200mil","10","","","","N","4","N","","","","","","","8/8/2022 4:36:00 PM","","","","","N","N","","1","","13244","","","","DG-200-LSR,DG-200-LSR-P"
"742","8","","A-225-60-200mil","10","","","","N","5","N","","","","","","","8/8/2022 4:37:00 PM","","","","","N","N","","1","","13244","","","","DG-200-LSR,DG-200-LSR-P"
"743","8","","A-225-70-200mil","10","","","","N","6","N","","","","","","","8/8/2022 4:37:00 PM","","","","","N","N","","","","13244","","","","DG-200-LSR,DG-200-LSR-P"
"750","3","","1.5 oz. (TP-61)","0","","","","N","1","N","","","","","","","9/22/2014 11:04:00 AM","","","","","N","N","","","","8205","","","",""
"752","9","","AL-601 (16R)","12.95","0","","","N","3","N","","","","","","","11/5/2015 1:09:00 PM","","","","","N","N","","","","9210","","","","AL-Spatula"
"753","9","","AL-602 (8R)","7.95","0","","","N","2","N","","","","","","","2/11/2015 3:14:00 PM","","","","","N","N","","","","8205","","","","AL-Spatula"
"754","9","","AL-604 (10R)","0","0","","","N","1","N","","","","","","","11/5/2015 1:09:00 PM","","","","","N","N","","","","9210","","","",""
"770","3","","2 lb Kit (A-RTV-04)","0","","","","N","1","N","","","","","","","12/5/2017 2:45:00 PM","","","","","N","N","","","","8205","","","",""
"771","3","","2 Gallon Kit (A-RTV-04-Gal)","340","20","","","N","2","N","","","","","","","5/4/2023 7:20:00 AM","","","","","N","N","","","","13244","","","",""
"772","3","","10 Gallon Kit (A-RTV-04-5Gal)","1835.05","100","","","N","3","N","","","","","","","5/4/2023 7:21:00 AM","","","","","N","N","","","","13244","","","",""
"773","26","","5RT29","0","0","","","N","44","N","","","","","","","8/11/2022 8:53:00 AM","","","","","N","N","","","","13244","","","",""
"775","26","","3RT34","0","0","","","N","47","N","","","","","","","8/11/2022 8:54:00 AM","","","","","N","N","","","","13244","","","",""
"776","3","","1 lb. Kit","0","","","","N","1","N","","","","","","","10/23/2014 8:56:00 AM","","","","","N","N","","","","8205","","","","A-106"
"778","4","","Naturelle (FE-SK01)","0","","","","N","","N","","","","","","","11/13/2014 1:27:00 PM","","","","","N","N","","","","8205","","","","FE-SK01"
"779","3","","1 oz. (A-300-1)","0","","","","N","1","N","","","","","","","11/17/2014 12:44:00 PM","","","","","N","N","","","","8205","","","","A-300-1"
"780","3","","16 oz. (A-300-1 pt.)","177","","","","N","2","N","","","","","","","2/15/2024 11:28:00 AM","","","","","N","N","","","","9210","","","","A-300-1"
"781","3","","2 Gallon Kit","289.05","20","","","N","2","N","","","","","","","10/20/2021 10:40:00 AM","","","","","N","N","","","","9210","","","",""
"783","27","","Aubergine FE-ES13","0","0","","","N","","N","","","","","","","11/22/2016 12:53:00 PM","","","","","N","N","N","","","8205","","","","E-Skin-FE"
"784","27","","Orange-Brown FE-ES09","0","0","","","N","","N","","","","","","","11/22/2016 12:53:00 PM","","","","","N","N","","","","8205","","","","E-Skin-FE"
"785","27","","Deep Grey FE-ES08","0","0","","","N","","N","","","","","","","11/22/2016 12:53:00 PM","","","","","N","N","","","","8205","","","","E-Skin-FE"
"786","27","","Ochre FE-ES07","0","0","","","N","","N","","","","","","","11/22/2016 12:53:00 PM","","","","","N","N","","","","8205","","","","E-Skin-FE"
"787","27","","Red FE-ES06","0","0","","","N","","N","","","","","","","11/22/2016 12:53:00 PM","","","","","N","N","","","","8205","","","","E-Skin-FE"
"788","27","","Deep Orange FE-ES12","0","0","","","N","","N","","","","","","","11/22/2016 12:53:00 PM","","","","","N","N","","","","8205","","","","E-Skin-FE"
"789","27","","Light Grey FE-ES04","0","0","","","N","","N","","","","","","","11/22/2016 12:53:00 PM","","","","","N","N","","","","8205","","","","E-Skin-FE"
"790","27","","Cream FE-ES02","0","0","","","N","","N","","","","","","","11/22/2016 12:53:00 PM","","","","","N","N","","","","8205","","","","E-Skin-FE"
"791","27","","Orange FE-ES03","0","0","","","N","","N","","","","","","","11/22/2016 12:53:00 PM","","","","","N","N","","","","8205","","","","E-Skin-FE"
"792","27","","Red Brown FE-ES11","0","0","","","N","","N","","","","","","","11/22/2016 12:53:00 PM","","","","","N","N","","","","8205","","","","E-Skin-FE"
"793","27","","Pink FE-ES05","0","0","","","N","","N","","","","","","","11/22/2016 12:53:00 PM","","","","","N","N","","","","8205","","","","E-Skin-FE"
"794","27","","Deep Mottle FE-ES16","0","0","","","N","","N","","","","","","","11/22/2016 12:53:00 PM","","","","","N","N","","","","8205","","","","E-Skin-FE"
"795","27","","Dark Dapple FE-ES17","0","0","","","N","","N","","","","","","","11/22/2016 12:53:00 PM","","","","","N","N","","","","8205","","","","E-Skin-FE"
"796","27","","Red Mottle FE-ES15","0","0","","","N","","N","","","","","","","11/22/2016 12:53:00 PM","","","","","N","N","","","","8205","","","","E-Skin-FE"
"797","27","","Light Dapple FE-ES14","0","0","","","N","","N","","","","","","","11/22/2016 12:53:00 PM","","","","","N","N","","","","8205","","","","E-Skin-FE"
"798","27","","White FE-ES01","0","0","","","N","","N","","","","","","","11/22/2016 12:53:00 PM","","","","","N","N","","","","8205","","","","E-Skin-FE"
"799","27","","Olive FE-ES10","0","0","","","N","","N","","","","","","","11/22/2016 12:53:00 PM","","","","","N","N","","","","8205","","","","E-Skin-FE"
"800","8","","A-223-30-400mil","0","","","","N","2","N","","","","","","","12/22/2016 9:08:00 AM","","","","","N","N","","","","8205","","","","DG-400-LSR,DG-400-LSR-P"
"801","8","","A-225-50-400mil","10","","","","N","4","N","","","","","","","8/9/2022 4:41:00 PM","","","","","N","N","","","","13244","","","","DG-400-LSR,DG-400-LSR-P"
"802","8","","A-225-60-400mil","10","","","","N","5","N","","","","","","","8/9/2022 4:41:00 PM","","","","","N","N","","","","13244","","","","DG-400-LSR,DG-400-LSR-P"
"803","8","","A-225-70-400mil","10","","","","N","6","N","","","","","","","8/9/2022 4:41:00 PM","","","","","N","N","","","","13244","","","","DG-400-LSR,DG-400-LSR-P"
"804","8","","A-223-40-400mil","0","","","","N","3","N","","","","","","","12/22/2016 9:08:00 AM","","","","","N","N","","","","8205","","","","DG-400-LSR,DG-400-LSR-P"
"811","4","","Alizarin  (H-136-A)","0","","","","N","","N","","","","","","","10/15/2015 1:42:00 PM","","","","","N","N","","","","9210","","","","H-100"
"812","4","","Ultra Blue (FI-235)","0","","","","N","","N","","","","","","","7/18/2024 3:08:00 PM","","","","","N","N","","","","13244","","","","DG-200-LSR-P,DG-400-LSR-P,DG-50-MIL-P,FI"
"813","3","","4 oz","16","1","","","N","2","N","","","","","","","7/31/2024 9:17:00 AM","","","","","N","N","","","","9210","","","","J-305"
"814","3","","1 oz","0","","","","N","1","N","","","","","","","11/4/2015 2:34:00 PM","","","","","N","N","","","","9210","","","","J-305"
"827","3","","5 Gallon (A-840-5Gal)","286.2","45","","","N","4","N","","","","","","","6/16/2022 9:46:00 AM","","","","","N","N","","","","9","","","","A-840"
"831","3","","16 oz","0","0","","","N","1","N","","","","","","","12/8/2015 11:19:00 AM","","","","","N","N","","","","9210","","","","A-830,V5350"
"834","4","","True Red (FI-236)","0","0","","","N","","N","","","","","","","2/3/2016 12:29:00 PM","","","","","N","N","N","","","8205","","","",""
"836","30","","*I understand the shipping restrictions on this item.","0","","","","N","","N","","","","","","","1/4/2023 4:16:00 PM","","","","","N","N","","","","13244","<br> </br>
<p>From October through May, Factor II will only guarantee this product if shipped second day air.
If the product freezes somewhere in transit, it is unusable.
Because we can not control transit times for international shipments, due to customs delays, we can not guarantee international shipments on this item at any time.
WE DO NOT SHIP WATER-BASED ADHESIVES DURING WINTER MONTHS THURSDAYS-SUNDAYS!!!","","","B-200-30,B-200-ES,B-200-R,B-204,FX-200"
"840","3","","1 Pound Kit","0","0","","","N","1","N","","","","","","","10/17/2018 10:17:00 AM","","","","","N","N","","","","11483","","","","A-RTV-3020,A-RTV-3040,A-RTV-3045,A-RTV-4020,A-RTV-4040"
"841","3","","1 Gallon Kit","228","20","","","N","2","N","","","","","","","4/27/2023 1:51:00 PM","","","","","N","N","","","","13244","","","","A-RTV-3020,A-RTV-3040,A-RTV-3045"
"842","3","","5 Gallon Kit","848","55","","","N","3","N","","","","","","","4/27/2023 1:47:00 PM","","","","","N","N","","","","13244","","","","A-RTV-3020,A-RTV-3040,A-RTV-3045"
"843","4","","Ultra Marine Blue (FE-235)","0","0","","","N","","N","","","","","","","3/30/2016 12:05:00 PM","","","","","N","N","N","","","8205","","","","FE-SK01"
"845","3","","FX-108 - Gallon Kit (FX-808)","99","9","","","N","3","N","","","","","","","8/15/2018 2:39:00 PM","","","","","N","N","","","","9210","","","",""
"846","3","","FX-108 - 4 lb. Kit (FX-308)","43","5","","","N","2","N","","","","","","","8/15/2018 2:39:00 PM","","","","","N","N","","","","9210","","","",""
"853","3","","TS-564-1NFS  1 oz.","0","","","","N","1","N","","","","","","","3/22/2017 8:42:00 AM","","","","","N","N","","","","8205","","","","TS-564-NFS"
"854","3","","TS-564-NFS  4 oz.","25","1","","","N","2","N","","","","","","","12/14/2022 1:57:00 PM","","","","","N","N","","","","13244","","","","TS-564-NFS"
"855","3","","MD-564-1NFS  1 oz","0","","","","N","1","N","","","","","","","3/22/2017 8:41:00 AM","","","","","N","N","","","","8205","","","","MD-564-NFS"
"856","3","","MD-564-NFS 4 oz.","34","1","","","N","2","N","","","","","","","12/14/2022 2:09:00 PM","","","","","N","N","","","","13244","","","","MD-564-NFS"
"857","8","","A-221-05-200mil","0","","","","N","1","N","","","","","","","10/20/2021 11:04:00 AM","","","","","N","N","","","","9210","","","",""
"858","8","","A-221-05-400mil","0","","","","N","1","N","","","","","","","3/16/2017 2:25:00 PM","","","","","N","N","","","","8205","","","",""
"859","3","","1oz (B-708-1)","0","1","","","N","1","N","","","","","","","12/11/2018 7:09:00 AM","","","","","N","N","","","","9210","","","","B-708"
"860","3","","4oz (B-708-4)","21","1","","","N","2","N","","","","","","","2/23/2023 1:18:00 PM","","","","","N","N","","","","13244","","","","B-708"
"862","4","","White (I-100W)","0","","","","N","","N","","","","","","","2/6/2017 10:59:00 AM","","","","","N","N","","","","8205","","","","I-100"
"863","4","","Black (I-100BL)","0","","","","N","","N","","","","","","","2/6/2017 11:03:00 AM","","","","","N","N","","","","8205","","","",""
"864","4","","Red (I-100R)","0","","","","N","","N","","","","","","","2/6/2017 11:03:00 AM","","","","","N","N","","","","8205","","","","I-100"
"865","4","","Yellow (I-100Y)","0","","","","N","","N","","","","","","","2/12/2018 11:19:00 AM","","","","","N","N","","","","8205","","","","I-100"
"866","4","","Naturelle (I-100F)","0","","","","N","","N","","","","","","","2/24/2022 3:27:00 PM","","","","","N","N","","","","13244","","","","I-100"
"867","4","","Ultra Blue (I-100ULB)","0","","","","N","","N","","","","","","","2/6/2017 11:05:00 AM","","","","","N","N","","","","8205","","","","I-100"
"869","4","","Red Brown (I-100RB)","0","","","","N","","N","","","","","","","2/6/2017 11:08:00 AM","","","","","N","N","","","","8205","","","","I-100"
"870","3","","16 oz. (A-304-P)","417","0","","","N","3","N","","","","","","","11/16/2021 9:17:00 AM","","","","","N","N","","","","12664","","","","A-304"
"871","3","","16 oz. (A-306-P)","1440.05","0","","","N","3","N","","","","","","","11/17/2021 10:03:00 AM","","","","","N","N","","","","12664","","","","A-306"
"873","3","","1 oz. (A-304)","15","0","","","N","2","N","","","","","","","11/16/2021 9:18:00 AM","","","","","N","N","","","","12664","","","","A-304"
"874","3","","1 oz. (A-306)","50","0","","","N","2","N","","","","","","","11/16/2021 9:26:00 AM","","","","","N","N","","","","12664","","","","A-306"
"875","3","","1/2 oz. (A-306.5)","0","0","","","N","1","N","","","","","","","2/1/2018 2:47:00 PM","","","","","N","N","","","","9210","","","","A-306"
"876","3","","1/2 oz. (A-304.5)","0","0","","","N","1","N","","","","","","","2/1/2018 2:40:00 PM","","","","","N","N","","","","9210","","","","A-304"
"892","3","","1 Gallon (A-341-Gal)","120","10","","","N","2","N","","","","","","","10/26/2021 10:59:00 AM","","","","","N","N","","","","12664","","","",""
"893","3","","5 Gallon (A-341-5Gal)","660","45","","","N","3","N","","","","","","","12/2/2021 6:21:00 AM","","","","","N","N","","","","12664","","","",""
"894","3","","32oz. kit (A-341)","0","0","","","N","1","N","","","","","","","3/16/2017 2:37:00 PM","","","","","N","N","","","","8205","","","",""
"898","7","","Quantity of 100 (J-400-100)","261.5","","","","N","3","N","","","","","","","3/23/2022 8:38:00 AM","","","","","N","N","","","","13244","","","","J-400"
"899","3","","B-530 (1oz)","0","0","","","N","1","N","","","","","","","4/11/2017 2:52:00 PM","","","","","N","N","","","","8205","","","",""
"910","3","","A-150-M / 3 lb kit MILLED","75","0","","","N","2","N","","","","","","","1/18/2022 2:05:00 PM","","","","","N","N","","","","9210","","","","A-150"
"911","3","","A-165-M / 3 lb kit MILLED","85","","","","N","3","N","","","","","","","6/20/2023 10:44:00 AM","","","","","N","N","","","","13244","","","","A-165"
"912","3","","A-4565-HCRA-M / 4 lb kit MILLED","20","0","","","N","2","N","","","","","","","5/16/2019 3:49:00 PM","","","","","N","N","","","","9","","","",""
"913","3","","A-180-M / 3 lb kit MILLED","95","","","","N","2","N","","","","","","","1/18/2022 2:21:00 PM","","","","","N","N","","","","9210","","","",""
"914","9","","DT-A for 50ml 10:1, A Style Cartridges","0","","","","N","1","N","","","","","","","10/24/2017 9:39:00 AM","","","","","N","N","","","","8205","","","","DT"
"915","9","","DT-B/S for 50ml 1:1, B & S Style Cartridges","0","","","","N","2","N","","","","","","","10/24/2017 9:40:00 AM","","","","","N","N","","","","8205","","","","DT"
"916","9","","DT-C for 200ml & 400ml 1:1, Cartridges","0","","","","N","3","N","","","","","","","10/24/2017 9:41:00 AM","","","","","N","N","","","","8205","","","","DT"
"917","3","","1 oz Bottle of FI Pigment","0","","","","N","1","N","","","","","","","12/14/2017 3:10:00 PM","","","","","N","N","","","","8205","","","","FI"
"918","3","","16 oz Bottle of FI Pigment","183","3","","","N","2","N","","","","","","","11/2/2021 4:12:00 PM","","","","","N","N","","","","12664","","","","FI"
"919","3","","1 oz Bottle of FI-SK Pigment","0","","","","N","1","N","","","","","","","12/14/2017 3:25:00 PM","","","","","N","N","","","","8205","","","","FI-SK-"
"921","3","","2 lb Kit RTV-4410","0","","","","N","1","N","","","","","","","10/3/2019 7:29:00 AM","","","","","N","N","","","","9210","","","","A-RTV-4410"
"923","3","","2 Gallon Kit RTV-4410-GAL","364","20","","","N","2","N","","","","","","","9/12/2022 3:15:00 PM","","","","","N","N","","","","9210","","","","A-RTV-4410"
"927","34","","<p style=""font-size:14px;color:red;"">Special Order Items are Non-Returnable</p>","0","","","","N","","N","","","","","","","1/30/2018 9:35:00 AM","","","","","N","N","","","","8205","","","","E-1217,E-1827"
"928","35","","110-120 Volt (U.S. Standard)","0","","","","N","","N","","","","","","","1/30/2018 9:49:00 AM","","","","","N","N","","","","8205","","","","E-1217,E-1827"
"929","35","","210-240 Volt (EU Standard)","0","","","","N","2","N","","","","","","","1/30/2018 9:47:00 AM","","","","","N","N","","","","8205","","","","E-1217,E-1827"
"931","25","","GP-085 Green Earth Hue","0","","","","N","","N","","","","","","","6/26/2018 2:09:00 PM","","","","","N","N","","","","9210","","","",""
"940","3","","FP-14 8oz","15","2","","","N","2","N","","","","","","","8/4/2025 3:33:00 PM","","","","","N","N","N","","","14860","","","","FP-13"
"941","3","","Package of 12","0","0","","","N","","N","","","","","","","11/26/2018 9:19:00 AM","","","","","N","N","N","","","9","","","","AL-605"
"949","19","","NO.6 (AL-502)","0","0","","","N","1","N","","","","","","","12/11/2018 2:42:00 PM","","","","","N","N","N","","","9210","","","","AL-502"
"950","19","","NO.7R (AL-506)","5","0","","","N","2","N","","","","","","","5/1/2023 10:17:00 AM","","","","","N","N","N","","","13244","","","","AL-502"
"951","19","","NO.6R (AL-505)","5","0","","","N","3","N","","","","","","","5/1/2023 10:16:00 AM","","","","","N","N","N","","","13244","","","","AL-502"
"952","19","","NO.7 (AL-503)","3","0","","","N","4","N","","","","","","","12/11/2018 2:42:00 PM","","","","","N","N","N","","","9210","","","","AL-502"
"953","19","","NO.12 (AL-500)","12","0","","","N","5","N","","","","","","","12/11/2018 2:42:00 PM","","","","","N","N","N","","","9210","","","","AL-502"
"954","9","","AL-518 (Vernier Calipers)","0","0","","","N","","N","","","","","","","12/7/2018 10:44:00 AM","","","","","N","N","N","","","9210","","","","AL-517"
"955","9","","AL-517 (Boley Gauge)","0","0","","","N","","N","","","","","","","12/7/2018 10:46:00 AM","","","","","N","N","N","","","9210","","","","AL-517"
"957","36","","LSR-4301 / A-221-01  For Injection Molding","0","0","","","N","5","N","","","","","","","12/18/2018 12:54:00 PM","","","","","N","N","N","","","9210","","","",""
"958","36","","LSR-4305 / A-221-05 For Injection Molding","0","0","","","N","6","N","","","","","","","12/18/2018 12:54:00 PM","","","","","N","N","N","","","9210","","","",""
"959","36","","LSR-4330 / A-223-30 For Injection Molding","0","0","","","N","7","N","","","","","","","12/18/2018 12:54:00 PM","","","","","N","N","N","","","9210","","","","DG-200-LSR-P-K,DG-400-LSR-P-K,DG-50-LSR-M-K,DG-50-LSR-P-K"
"961","36","","LSR-4340 / A-223-40 For Injection Molding","0","0","","","N","8","N","","","","","","","12/18/2018 12:54:00 PM","","","","","N","N","N","","","9210","","","","DG-200-LSR-P-K,DG-400-LSR-P-K,DG-50-LSR-M-K,DG-50-LSR-P-K"
"962","36","","LSR-4350 / A-225-50 For Injection Molding","0","0","","","N","9","N","","","","","","","12/18/2018 12:54:00 PM","","","","","N","N","N","","","9210","","","","DG-200-LSR-P-K,DG-400-LSR-P-K,DG-50-LSR-P-K"
"963","36","","LSR-4360 / A-225-60 For Injection Molding","0","0","","","N","10","N","","","","","","","12/18/2018 12:54:00 PM","","","","","N","N","N","","","9210","","","","DG-200-LSR-P-K,DG-400-LSR-P-K,DG-50-LSR-P-K"
"964","36","","LSR-4370 / A-225-70 For Injection Molding","0","0","","","N","11","N","","","","","","","12/18/2018 12:54:00 PM","","","","","N","N","N","","","9210","","","","DG-200-LSR-P-K,DG-400-LSR-P-K,DG-50-LSR-P-K"
"979","4","","Ivory  (FE-SK03 )","0","","","","N","","N","","","","","","","8/8/2019 3:21:00 PM","","","","","N","N","","","","11483","","","","FE-SK01"
"980","4","","Mocha  (FE-SK09)","0","","","","N","","N","","","","","","","8/8/2019 3:35:00 PM","","","","","N","N","","","","11483","","","",""
"981","4","","Almond  (FE-SK49)","0","","","","N","","N","","","","","","","8/8/2019 3:36:00 PM","","","","","N","N","","","","11483","","","","FE-SK01"
"982","8","","A-RTV-3020 (Shore A 20)","0","0","","","N","1","N","","","","","","","6/27/2023 12:21:00 PM","","","","","N","N","N","","","13244","","","","A-RTV-3020"
"983","8","","A-RTV-4020 ( Shore A-20 )","0","0","","","N","2","N","","","","","","","4/22/2019 10:58:00 AM","","","","","N","N","N","","","9210","","","",""
"984","8","","A-RTV-4040 (Shore A-40 )","0","0","","","N","1","N","","","","","","","4/22/2019 11:00:00 AM","","","","","N","N","N","","","9210","","","","A-RTV-4040"
"985","3","","2 Gallon Kit RTV-4420","364","20","","","N","2","N","","","","","","","9/12/2022 3:14:00 PM","","","","","N","N","N","","","9210","","","","A-RTV-4420"
"986","3","","1 Pound Kit","0","0","","","N","1","N","","","","","","","5/7/2019 8:57:00 AM","","","","","N","N","N","","","9210","","","","A-RTV-1556"
"987","3","","1 Gallon Kit","309","20","","","N","2","N","","","","","","","4/27/2023 1:41:00 PM","","","","","N","N","N","","","13244","","","","A-RTV-1556,A-RTV-4040"
"988","3","","5 Gallon Kit","1319.05","55","","","N","3","N","","","","","","","4/27/2023 1:40:00 PM","","","","","N","N","N","","","13244","","","","A-RTV-1556,A-RTV-4040"
"989","15","","A-RTV-1556-F (30 Minute Cure)","0","0","","","N","","N","","","","","","","6/27/2023 11:25:00 AM","","","","","N","N","N","","","13244","","","","A-RTV-1556"
"990","15","","A-RTV-1556 (8 to 12 Hour Cure)","0","0","","","N","","N","","","","","","","6/27/2023 11:25:00 AM","","","","","N","N","N","","","13244","","","","A-RTV-1556"
"993","3","","4 LB Kit, 2 Pounds of A & 2 Pounds of B","0","0","","","N","1","N","","","","","","","5/22/2019 10:28:00 AM","","","","","N","N","N","","","9210","","","","A-4520-HCRA,A-4530-HCRA,A-4550-HCRA,A-4565-HCRA"
"994","3","","44 LB Kit  22 Pounds A & 22 Pounds B","761","44","","","N","2","N","","","","","","","10/20/2021 11:47:00 AM","","","","","N","N","N","","","12664","","","","A-4520-HCRA,A-4530-HCRA,A-4550-HCRA,A-4565-HCRA"
"995","31","","Affidavit Required Download below","0","0","","","N","","N","","","","","","","6/20/2022 10:17:00 AM","","","","","N","N","N","","","13244","","","","7047V12,A-100,A-101,A-103,A-104,A-106,A-2186,A-221-01,A-221-05,A-221-10,A-223-25,A-223-30,A-223-30-400MIL-P-(WHITE),A-223-40,A-225-50,A-225-60,A-225-70,A-244,A-310-1000,A-310-20,A-310-50,A-313,A-315,A-318,A-340,A-4100,A-4200,A-4300,A-4717,A-588-1,A-RTV-05,A-RTV-05-GAL,A-RTV-1556,A-RTV-3020,A-RTV-3040,A-RTV-3045,A-RTV-4020,A-RTV-4040,A-RTV-4410,A-RTV-4420,A-RTV-4510,A-RTV-4528,A-RTV-4545,A-RTV-70-50mil,DG-200-LSR,DG-200-LSR-P,DG-200-LSR-P-K,DG-400-LSR,DG-400-LSR-P,DG-400-LSR-P-K,DG-50-LSR,DG-50-LSR-M-K,DG-50-LSR-P-K,DG-50-MIL-P,M-511,V40047,V40073,V40098,V40104,V5050,V5100,V51000,V512500,V5350,VST-30,VST-50,VST-50F,VST-50HD"
"997","3","","2 LB Kit","0","","","","N","1","N","","","","","","","6/4/2019 10:01:00 AM","","","","","N","N","","","","9210","","","","A-RTV-4420"
"998","38","","Mill Starter Kit with:A- 4520 4 Lbs, A-840, A-801, J-903, A-805","99","10","","","N","2","N","","","","","","","6/14/2019 10:04:00 AM","","","","","N","N","N","","","9210","","","",""
"999","38","","Mill Only","0","0","","","N","1","N","","","","","","","6/13/2019 3:40:00 PM","","","","","N","N","N","","","9210","","","",""
"1001","38","","Mill Starter Kit with:A- 4530 4 Lbs, A-840, A-801, J-903, A-805","99","0","","","N","3","N","","","","","","","6/14/2019 10:04:00 AM","","","","","N","N","N","","","9210","","","",""
"1002","38","","Mill Starter Kit with:A- 4550 4 Lbs, A-840, A-801, J-903, A-805","99","0","","","N","4","N","","","","","","","6/14/2019 10:05:00 AM","","","","","N","N","N","","","9210","","","",""
"1003","38","","Mill Starter Kit with:A- 4565 4 Lbs, A-840, A-801, J-903, A-805","99","0","","","N","5","N","","","","","","","6/14/2019 10:05:00 AM","","","","","N","N","N","","","9210","","","",""
"1004","4","","FI-SK59  Mason's Magic","0","","","","N","","N","","","","","","","6/26/2019 3:49:00 PM","","","","","N","N","","","","9210","","","",""
"1005","4","","Mason's Magic (FI-SK59)","0","0","","","N","","N","","","","","","","6/26/2019 3:53:00 PM","","","","","N","N","N","","","9210","","","","FI-SK-"
"1006","3","","8 oz (4 oz A and 4 oz B)","35","8","","","N","2","N","","","","","","","2/13/2020 12:55:00 PM","","","","","N","N","N","","","9210","","","","A-321"
"1007","3","","32 oz (16 oz A and 16 oz B)","103.05","4","","","N","3","N","","","","","","","7/11/2019 12:57:00 PM","","","","","N","N","N","","","9210","","","",""
"1008","3","","4 oz (2 oz A and 2 oz B)","20","0","","","N","1","N","","","","","","","11/23/2021 8:11:00 AM","","","","","N","N","N","","","14860","","","","A-321"
"1009","3","","2 oz (1 oz of A and 1 oz of B)","0","0","","","N","","N","","","","","","","7/12/2019 7:58:00 AM","","","","","N","N","N","","","9210","","","","TS-550"
"1010","3","","8 oz (4 oz of A and 4 oz of B)","27","2","","","N","2","N","","","","","","","11/16/2021 11:15:00 AM","","","","","N","N","N","","","12664","","","","TS-550"
"1011","3","","4mm (J-SI04)","0","0","","","N","1","N","","","","","","","7/30/2019 9:31:00 AM","","","","","N","N","N","","","9210","","","","J-SI"
"1012","3","","7mm (J-SI07)","0","0","","","N","2","N","","","","","","","7/30/2019 9:31:00 AM","","","","","N","N","N","","","9210","","","","J-SI"
"1014","3","","16mm (J-SI16)","0","0","","","N","4","N","","","","","","","7/30/2019 9:31:00 AM","","","","","N","N","N","","","9210","","","","J-SI"
"1015","3","","17mm (J-SI17)","0","0","","","N","5","N","","","","","","","7/30/2019 9:31:00 AM","","","","","N","N","N","","","9210","","","","J-SI"
"1016","3","","18mm (J-SI18)","0","0","","","N","6","N","","","","","","","7/30/2019 9:31:00 AM","","","","","N","N","N","","","9210","","","","J-SI"
"1017","3","","19mm (J-SI19)","0","0","","","N","7","N","","","","","","","6/6/2022 11:38:00 AM","","","","","N","N","N","","","13244","","","","J-SI"
"1018","3","","20mm (J-SI20)","0","0","","","N","8","N","","","","","","","6/6/2022 11:38:00 AM","","","","","N","N","N","","","13244","","","","J-SI"
"1019","3","","21mm (J-SI21)","0","0","","","N","9","N","","","","","","","6/6/2022 11:38:00 AM","","","","","N","N","N","","","13244","","","","J-SI"
"1021","3","","Kit One of each size (J-SI10)","306","3","","","N","10","N","","","","","","","1/16/2024 11:05:00 AM","","","","","N","N","N","","","13244","","","","J-SI"
"1022","3","","16mm X 12mm (J-SC1)","0","0","","","N","1","N","","","","","","","7/30/2019 11:07:00 AM","","","","","N","N","N","","","9210","","","",""
"1023","3","","19mm X 14mm (J-SC2)","0","0","","","N","2","N","","","","","","","7/30/2019 11:07:00 AM","","","","","N","N","N","","","9210","","","",""
"1024","3","","22mm X 16mm (J-SC3)","0","0","","","N","3","N","","","","","","","7/30/2019 11:07:00 AM","","","","","N","N","N","","","9210","","","","J-SC"
"1026","3","","28mm X 20mm (J-SC5)","0","0","","","N","5","N","","","","","","","7/30/2019 11:07:00 AM","","","","","N","N","N","","","9210","","","",""
"1027","3","","17mm X 12mm (J-SC6)","0","0","","","N","6","N","","","","","","","7/30/2019 11:07:00 AM","","","","","N","N","N","","","9210","","","","J-SC"
"1028","3","","21mm X 14mm (J-SC7)","0","0","","","N","7","N","","","","","","","7/30/2019 11:07:00 AM","","","","","N","N","N","","","9210","","","","J-SC"
"1029","3","","24mm X 16mm (J-SC8)","0","0","","","N","8","N","","","","","","","7/30/2019 11:07:00 AM","","","","","N","N","N","","","9210","","","","J-SC"
"1030","3","","27mm X 18mm (J-SC9)","0","0","","","N","9","N","","","","","","","7/30/2019 11:07:00 AM","","","","","N","N","N","","","9210","","","","J-SC"
"1033","3","","19mm X 16mm (J-SC12)","0","0","","","N","12","N","","","","","","","7/30/2019 11:07:00 AM","","","","","N","N","N","","","9210","","","","J-SC"
"1034","3","","22mm X 18mm (J-SC13)","0","0","","","N","13","N","","","","","","","7/30/2019 11:07:00 AM","","","","","N","N","N","","","9210","","","",""
"1037","3","","19mm X 14mm (J-SC16)","0","0","","","N","16","N","","","","","","","7/30/2019 11:07:00 AM","","","","","N","N","N","","","9210","","","",""
"1039","3","","30mm X 23mm (J-SC18)","0","0","","","N","18","N","","","","","","","7/30/2019 11:07:00 AM","","","","","N","N","N","","","9210","","","","J-SC"
"1040","3","","19mm X 14mm (J-SC19)","0","0","","","N","19","N","","","","","","","7/30/2019 11:07:00 AM","","","","","N","N","N","","","9210","","","","J-SC"
"1042","3","","30mm X 23mm (J-SC21)","0","0","","","N","21","N","","","","","","","7/30/2019 11:07:00 AM","","","","","N","N","N","","","9210","","","",""
"1043","3","","19mm X 14mm (J-SC22)","0","0","","","N","22","N","","","","","","","7/30/2019 11:07:00 AM","","","","","N","N","N","","","9210","","","","J-SC"
"1044","3","","23mm X 17mm (J-SC23)","0","0","","","N","23","N","","","","","","","7/30/2019 11:07:00 AM","","","","","N","N","N","","","9210","","","","J-SC"
"1045","3","","30mm X 23mm (J-SC24)","0","0","","","N","24","N","","","","","","","7/30/2019 11:07:00 AM","","","","","N","N","N","","","9210","","","","J-SC"
"1047","3","","125 ML (D-200-125)","0","0","","","N","1","N","","","","","","","7/31/2019 2:22:00 PM","","","","","N","N","N","","","9210","","","","D-200-125"
"1048","3","","250 ML (D-200-250)","1","0","","","N","2","N","","","","","","","7/31/2019 2:22:00 PM","","","","","N","N","N","","","9210","","","","D-200-125"
"1049","3","","500 ML (D-200-500)","2","0","","","N","3","N","","","","","","","7/31/2019 2:22:00 PM","","","","","N","N","N","","","9210","","","",""
"1050","3","","1000 ML (D-200-1000)","3","0","","","N","4","N","","","","","","","7/31/2019 2:22:00 PM","","","","","N","N","N","","","9210","","","","D-200-125"
"1051","3","","10 pound kit","0","0","","","N","","N","","","","","","","12/20/2019 9:27:00 AM","","","","","N","N","N","","","9","","","",""
"1052","3","","2 oz (1 oz A and 1 oz B)","0","0","","","N","","N","","","","","","","2/13/2020 10:49:00 AM","","","","","N","N","N","","","9210","","","","A-321"
"1054","4","","Maroon (H-213-M)","0","0","","","N","","N","","","","","","","4/29/2021 8:41:00 AM","","","","","N","N","N","","","13244","","","",""
"1055","4","","Suntan (H-227-S)","0","0","","","N","","N","","","","","","","4/29/2021 8:41:00 AM","","","","","N","N","N","","","13244","","","",""
"1056","4","","Naturell (H-SK01-N)","0","0","","","N","","N","","","","","","","4/29/2021 8:43:00 AM","","","","","N","N","N","","","13244","","","",""
"1060","4","","Cosmetic Red (H-224-CR)","0","0","","","N","","N","","","","","","","4/29/2021 8:45:00 AM","","","","","N","N","N","","","13244","","","",""
"1070","3","","V40098-1 (1 GALLON)","352","8","","","N","2","N","","","","","","","4/4/2024 10:34:00 AM","","","","","N","N","","","","13244","","","","V40098"
"1071","3","","V40098-5 (5 GALLON)","1921.05","40","","","N","3","N","","","","","","","12/20/2022 1:27:00 PM","","","","","N","N","","","","9210","","","","V40098"
"1072","3","","V40104-1 (1 GALLON)","360","8","","","N","2","N","","","","","","","3/9/2023 6:33:00 AM","","","","","N","N","","","","9210","","","","V40104"
"1073","3","","V40104-5 (5 GALLON)","1929.05","40","","","N","3","N","","","","","","","12/20/2022 1:28:00 PM","","","","","N","N","","","","9210","","","","V40104"
"1074","3","","V40047-1 (1 GALLON)","360","8","","","N","2","N","","","","","","","3/9/2023 6:32:00 AM","","","","","N","N","","","","9210","","","","V40047"
"1076","3","","V40073-1 (1 GALLON)","360","8","","","N","2","N","","","","","","","3/9/2023 6:33:00 AM","","","","","N","N","","","","9210","","","","V40073"
"1087","8","","A-221-01-200MIL","0","","","","N","1","N","","","","","","","8/8/2022 1:54:00 PM","","","","","N","N","","","","13244","","","",""
"1088","8","","A-221-01-400MIL","0","","","","N","1","N","","","","","","","8/8/2022 1:55:00 PM","","","","","N","N","","","","13244","","","",""
"1089","8","","A-225-50-50MIL","10","","","","N","5","N","","","","","","","8/8/2022 4:29:00 PM","","","","","N","N","","","","13244","","","","DG-50-LSR,DG-50-MIL-P"
"1090","8","","A-225-60-50MIL","10","","","","N","6","N","","","","","","","8/8/2022 4:30:00 PM","","","","","N","N","","","","13244","","","","DG-50-LSR,DG-50-MIL-P"
"1091","8","","A-225-70-50MIL","10","","","","N","7","N","","","","","","","8/8/2022 4:14:00 PM","","","","","N","N","","","","13244","","","","DG-50-LSR,DG-50-MIL-P"
"1092","8","","A-221-01-50MIL","0","","","","N","1","N","","","","","","","8/8/2022 4:27:00 PM","","","","","N","N","","","","13244","","","",""
"1093","8","","A-221-05-50MIL","0","","","","N","2","N","","","","","","","8/8/2022 4:28:00 PM","","","","","N","N","","","","13244","","","","DG-50-MIL-P"
"1094","8","","A-223-30-50MIL","0","","","","N","3","N","","","","","","","8/8/2022 4:28:00 PM","","","","","N","N","","","","13244","","","","DG-50-LSR,DG-50-MIL-P"
"1095","8","","A-223-40-50MIL","0","","","","N","4","N","","","","","","","8/8/2022 4:28:00 PM","","","","","N","N","","","","13244","","","","DG-50-LSR,DG-50-MIL-P"
"1096","26","","5RT33","0","","","","N","","N","","","","","","","8/11/2022 8:20:00 AM","","","","","N","N","","","","13244","","","",""
"1097","26","","5LT39","0","","","","N","","N","","","","","","","8/11/2022 8:21:00 AM","","","","","N","N","","","","13244","","","",""
"1098","26","","9LT15","0","","","","N","","N","","","","","","","8/11/2022 8:21:00 AM","","","","","N","N","","","","13244","","","",""
"1100","26","","5LT35","0","","","","N","","N","","","","","","","8/11/2022 8:22:00 AM","","","","","N","N","","","","13244","","","",""
"1101","26","","5RT24","0","","","","N","","N","","","","","","","8/11/2022 8:22:00 AM","","","","","N","N","","","","13244","","","",""
"1102","26","","5RN26","0","","","","N","","N","","","","","","","8/11/2022 8:22:00 AM","","","","","N","N","","","","13244","","","",""
"1104","4","","Turquoise (H-212T)","0","","","","N","1","N","","","","","","","10/19/2022 2:18:00 PM","","","","","N","N","","","","13244","","","","H-200"
"1105","3","","HARD 1/2"" (100)","0","","","","N","","N","","","","","","","10/20/2022 3:03:00 PM","","","","","N","N","","","","13244","","","","40502"
"1106","3","","SOFT 5/8"" (100)","0","","","","N","","N","","","","","","","10/20/2022 3:03:00 PM","","","","","N","N","","","","13244","","","","40502"
"1107","4","","Rusty Red (WH-16)","0","","","","N","","N","","","","","","","10/26/2022 3:50:00 PM","","","","","N","N","","","","13244","","","","WH-"
"1108","3","","Size: 2lb Kit (A-RTV-4545)","0","0","","","N","","N","","","","","","","10/2/2025 1:47:00 PM","","","","","N","N","N","","","14860","","","","A-RTV-4510,A-RTV-4545"
"1109","3","","Size: 2 lb KIT (A-RTV-4528)","0","0","","","N","","N","","","","","","","11/30/2022 10:19:00 AM","","","","","N","N","N","","","13244","","","","A-RTV-4528"
"1294","4","","Blue","0","","","","N","10","N","","","","","","","6/27/2023 12:50:00 PM","","","","","N","N","","","","13244","","","","I-200,J-303-C"
"1295","4","","Red","0","","","","N","10","N","","","","","","","6/27/2023 12:50:00 PM","","","","","N","N","","","","13244","","","","J-303-C"
"1296","3","","Medium (AL-627)","1","","","","N","2","N","","","","","","","7/12/2023 7:36:00 AM","","","","","N","N","","","","13244","","","","AL-627"
"1297","3","","A-315  16 oz","102","0","","","N","2","N","","","","","","","8/17/2023 2:31:00 PM","","","","","N","N","","","","13244","","","","A-315"
"1298","4","","Black","0","0","","","N","","N","","","","","","","10/3/2023 3:43:00 PM","","","","","N","N","N","","","13244","","","","J-301-3"
"1299","4","","Creme","0","0","","","N","","N","","","","","","","10/3/2023 3:44:00 PM","","","","","N","N","N","","","13244","","","","J-301-3"
"1300","4","","Rust (H233-R)","0","0","","","N","","N","","","","","","","10/10/2023 8:51:00 AM","","","","","N","N","N","","","13244","","","",""
"1301","3","","Gallon    (V5)","152","10","","","N","2","N","","","","","","","11/2/2023 9:25:00 AM","","","","","N","N","N","","","9210","","","","V5050,V5100,V51000,V512500,V5350"
"1302","3","","5 Gallon  (V5)","667.05","45","","","N","3","N","","","","","","","11/2/2023 9:25:00 AM","","","","","N","N","N","","","9210","","","","V5050,V5100,V51000,V512500,V5350"
"1303","3","","V40073-5 (5 GALLON)","1929.05","40","","","N","3","N","","","","","","","11/2/2023 9:40:00 AM","","","","","N","N","N","","","9210","","","","V40073"
"1304","3","","V40047-5  (5GALLON)","1929.05","40","","","N","3","N","","","","","","","11/2/2023 9:44:00 AM","","","","","N","N","N","","","9210","","","","V40047"
"1305","4","","Raisin (FE-307)","0","","","","N","","N","","","","","","","12/5/2023 11:51:00 AM","","","","","N","N","","","","13244","","","","FE-SK01"
"1306","4","","Buff (I-100BU)","0","","","","N","","N","","","","","","","3/5/2024 12:42:00 PM","","","","","N","N","","","","13244","","","",""
"1307","4","","White (I-200)","0","0","","","N","","N","","","","","","","3/12/2024 3:09:00 PM","","","","","N","N","N","","","14860","","","",""
"1308","4","","Yellow (I-202)","0","0","","","N","","N","","","","","","","3/12/2024 3:10:00 PM","","","","","N","N","N","","","14860","","","","I-200"
"1309","4","","Red (I-204)","0","0","","","N","","N","","","","","","","3/12/2024 3:11:00 PM","","","","","N","N","N","","","14860","","","","I-200"
"1310","4","","Black (I-205)","0","0","","","N","","N","","","","","","","3/12/2024 3:13:00 PM","","","","","N","N","N","","","14860","","","","I-200"
"1311","4","","Red Brown (I-207)","0","0","","","N","","N","","","","","","","3/12/2024 3:15:00 PM","","","","","N","N","N","","","14860","","","","I-200"
"1312","4","","Burnt Sienna (I-218)","0","0","","","N","","N","","","","","","","3/12/2024 3:24:00 PM","","","","","N","N","N","","","14860","","","",""
"1313","4","","Yellow Ochre (I-219)","0","0","","","N","","N","","","","","","","3/12/2024 3:25:00 PM","","","","","N","N","N","","","14860","","","","I-200"
"1314","4","","Cosmetic Tan (I-220)","0","0","","","N","","N","","","","","","","3/12/2024 3:27:00 PM","","","","","N","N","N","","","14860","","","","I-200"
"1315","4","","Raw Seinna (I-222)","0","0","","","N","","N","","","","","","","3/12/2024 3:28:00 PM","","","","","N","N","N","","","14860","","","","I-200"
"1316","4","","Cosmetic Red (I-224)","0","0","","","N","","N","","","","","","","3/12/2024 3:29:00 PM","","","","","N","N","N","","","14860","","","","I-200"
"1317","4","","Monastral Red (I-225)","0","0","","","N","","N","","","","","","","3/12/2024 3:30:00 PM","","","","","N","N","N","","","14860","","","","I-200"
"1318","4","","Red D&C (I-228)","0","0","","","N","","N","","","","","","","3/12/2024 3:31:00 PM","","","","","N","N","N","","","14860","","","","I-200"
"1319","4","","Green (I-232)","0","0","","","N","","N","","","","","","","3/12/2024 3:31:00 PM","","","","","N","N","N","","","14860","","","","I-200"
"1320","4","","Rust (I-233)","0","0","","","N","","N","","","","","","","3/12/2024 3:32:00 PM","","","","","N","N","N","","","14860","","","","I-200"
"1321","4","","Barium Red (I-234)","0","0","","","N","","N","","","","","","","3/12/2024 3:40:00 PM","","","","","N","N","N","","","14860","","","","I-200"
"1322","3","","D-199-50","0","0","","","N","1","N","","","","","","","3/13/2024 10:33:00 AM","","","","","N","N","N","","","13244","","","",""
"1323","3","","D-199-600","1","0","","","N","2","N","","","","","","","3/13/2024 10:34:00 AM","","","","","N","N","N","","","13244","","","",""
"1324","3","","D-199-1000","7","0","","","N","3","N","","","","","","","3/13/2024 10:34:00 AM","","","","","N","N","N","","","13244","","","",""
"1325","25","","GP-033 Cadmium Yellow Light","14","0","","","N","","N","","","","","","","3/26/2024 10:13:00 AM","","","","","N","N","N","","","13244","","","","GP"
"1326","3","","J-750 (50ML Pack of 12)","8","","","","N","3","N","","","","","","","3/27/2024 2:54:00 PM","","","","","N","N","N","","","13244","","","",""
"1327","4","","Blue (I-100B)","0","","","","N","","N","","","","","","","4/30/2024 3:46:00 PM","","","","","N","N","","","","13244","","","",""
"1328","8","","A-223-25-200MIL","0","0","","","N","","N","","","","","","","5/30/2024 2:12:00 PM","","","","","N","N","N","","","13244","","","","DG-200-LSR,DG-200-LSR-P"
"1329","8","","A-223-25-400MIL","0","0","","","N","","N","","","","","","","5/30/2024 2:16:00 PM","","","","","N","N","N","","","13244","","","","DG-400-LSR,DG-400-LSR-P"
"1331","36","","LSR-4325 / A-223-25 For Injection Molding","0","0","","","N","","N","","","","","","","5/30/2024 2:23:00 PM","","","","","N","N","N","","","13244","","","","DG-400-LSR-P-K,DG-50-LSR-M-K"
"1332","36","","LSR-4325 / A-223-25 For Injection Molding","0","0","","","N","","N","","","","","","","5/30/2024 2:30:00 PM","","","","","N","N","N","","","13244","","","","DG-200-LSR-P-K,DG-50-LSR-P-K"
"1333","8","","A-223-25-50MIL","0","0","","","N","","N","","","","","","","5/30/2024 2:31:00 PM","","","","","N","N","N","","","13244","","","","DG-50-LSR,DG-50-MIL-P"
"1334","3","","Size PSAMPLE - 5 OF EACH SIZE","0","","","","N","1","N","","","","","","","7/17/2024 11:26:00 AM","","","","","N","N","","","","13244","","","","P"
"1335","4","","White (FI-200.1) (NEW)","0","","","","N","","N","","","","","","","7/18/2024 3:03:00 PM","","","","","N","N","","","","13244","","","",""
"1336","4","","Black (FI-205.1) (NEW)","0","","","","N","","N","","","","","","","7/18/2024 3:04:00 PM","","","","","N","N","","","","13244","","","",""
"1337","4","","Ultra Blue (FI-235.1) (NEW)","0","","","","N","","N","","","","","","","7/18/2024 3:11:00 PM","","","","","N","N","","","","13244","","","",""
"1338","3","","AL-101-2761 3/8 inch Coarse","0","0","","","N","2","N","","","","","","","8/7/2024 8:41:00 AM","","","","","N","N","N","","","13244","","","","AL-"
"1339","3","","AL-101-2781 3/8 inch Fine","0","0","","","N","3","N","","","","","","","8/7/2024 8:41:00 AM","","","","","N","N","N","","","13244","","","","AL-"
"1340","3","","AL-101-2771 3/8 inch Medium","0","0","","","N","4","N","","","","","","","8/7/2024 8:42:00 AM","","","","","N","N","N","","","13244","","","","AL-"
"1341","3","","AL-102-2801 1/4 inch Medium","0","0","","","N","1","N","","","","","","","8/7/2024 8:40:00 AM","","","","","N","N","N","","","13244","","","","AL-"
"1342","3","","AL-103-2732 1/2 inch Coarse","1","0","","","N","5","N","","","","","","","8/7/2024 8:42:00 AM","","","","","N","N","N","","","13244","","","","AL-"
"1343","3","","AL-103-2742 1/2 inch Medium","1","0","","","N","6","N","","","","","","","8/7/2024 8:43:00 AM","","","","","N","N","N","","","13244","","","","AL-"
"1344","3","","AL-103-2752 1/2 inch Fine","1","0","","","N","7","N","","","","","","","8/7/2024 8:43:00 AM","","","","","N","N","N","","","13244","","","","AL-"
"1345","3","","AL-100-2711 3/4 inch Medium","1","0","","","N","8","N","","","","","","","8/7/2024 8:44:00 AM","","","","","N","N","N","","","13244","","","","AL-"
"1346","12","","11.5mm w/3mm aperture","0","0","","","N","7","N","","","","","","","9/30/2024 11:36:00 AM","","","","","N","N","N","","","13244","","","","J-121"
"1347","12","","12.7mm","0","0","","","N","8","N","","","","","","","9/30/2024 11:37:00 AM","","","","","N","N","N","","","13244","","","","J-120,J-121"
"1348","13","","4mm","0","0","","","N","","N","","","","","","","9/30/2024 11:47:00 AM","","","","","N","N","N","","","13244","","","","J-200-4mm"
"1349","112","","A-850 (8oz) $18.95","0","0","","","N","","N","","","","","","","10/10/2024 9:38:00 AM","","","","","N","N","N","","","14860","","","","A-850"
"1350","7","","Price for 1 (AL-204-1)","0","0","","","N","1","N","","","","","","","10/16/2024 9:28:00 AM","","","","","N","N","N","","","13244","","","","AL-204-1"
"1351","7","","5164-1 (Quantity 1)","0","0","","","N","1","N","","","","","","","10/30/2024 2:03:00 PM","","","","","N","N","N","","","13244","","","","5164-1"
"1352","7","","5164-12 (Quantity 12)","7.97","0","","","N","2","N","","","","","","","10/30/2024 2:02:00 PM","","","","","N","N","N","","","13244","","","","5164-1"
